1.000000074645582965e-01,1.103609920162442173e-06,1.085973154914436834e-04
1.000001851840210398e-01,1.110600693013609998e-05,4.172419547124390951e-04
1.000049867265363213e-01,1.284614210291190281e-04,2.141123117193249013e-03
1.000529320484264129e-01,8.486602535470501047e-04,7.839031986908016891e-03
1.003331085015708585e-01,3.779802854562592639e-03,2.351045492904718301e-02
1.013880596567625081e-01,1.217792535143975667e-02,5.731912664790403400e-02
1.043946907276470798e-01,3.139221459791466384e-02,1.189651792413505688e-01
1.119900967306994982e-01,7.204201406334936886e-02,2.280711294220721663e-01
1.281950339685521412e-01,1.464595518482366410e-01,3.991044676006165193e-01
1.595923242219815519e-01,2.720204728907230085e-01,6.492203644888643321e-01
2.151564349071845295e-01,4.693532159696161554e-01,9.976756421343744297e-01
3.096815256106179026e-01,7.706194992994748194e-01,1.473882789902470236e+00
4.594989408337326608e-01,1.205027575173426957e+00,2.098367759589176540e+00
6.868282399254965753e-01,1.805328238256297180e+00,2.879884499887708227e+00
1.023571283906826945e+00,2.622959716627603299e+00,3.855790600533463230e+00
1.514883626298901165e+00,3.731020065251835049e+00,5.084465797255490749e+00
2.176192756495427094e+00,5.115435632177742775e+00,6.502246733893559671e+00
3.087671298177376844e+00,6.898663512075547288e+00,8.203958726216475483e+00
4.317499375195929190e+00,9.162092303366049961e+00,1.023404225614413399e+01
5.897791958419618119e+00,1.187584149716752613e+01,1.248339039145220930e+01
7.870740753748789231e+00,1.507540856657254302e+01,1.497963723066574815e+01
1.030595140939931120e+01,1.879767727501877772e+01,1.769631314913249653e+01
1.335376564133595423e+01,2.322793157410180243e+01,2.076575179498533785e+01
1.696793223578415422e+01,2.817601581010845990e+01,2.395454957403522300e+01
2.127306144675721811e+01,3.375131661064740740e+01,2.731900700144523952e+01
2.622479575828245402e+01,3.985250393771225674e+01,3.079471455033112903e+01
3.176382527707015768e+01,4.627322511015254491e+01,3.416137978326946012e+01
3.787679081992445873e+01,5.294582143510233152e+01,3.737670850141237366e+01
4.453191103606632595e+01,5.972029830172007792e+01,4.029869852355064097e+01
5.156664294971646001e+01,6.659150014090749892e+01,4.311800525936159545e+01
5.915966355284045619e+01,7.347521577476523191e+01,4.558285277219786025e+01
6.669643053675123667e+01,7.986489822837177144e+01,4.757658469549785707e+01
7.449435907184283678e+01,8.599537568567625101e+01,4.917582347691574540e+01
8.257603881337880125e+01,9.192658315506382394e+01,5.046992901484642147e+01
8.991521268162158265e+01,9.663174706930651325e+01,5.094742064091574463e+01
9.763126963704772265e+01,1.013236539743592886e+02,5.132139241187287126e+01
1.045641863271749656e+02,1.046925468943013300e+02,5.083261683734674108e+01
1.113195102119099431e+02,1.076702148644959607e+02,5.016959947943617948e+01
1.174473400356169179e+02,1.097614247856483303e+02,4.904609483056729857e+01
1.230619440412269796e+02,1.110619715784785768e+02,4.751474287596899160e+01
1.282096088405320131e+02,1.117651814818042340e+02,4.574879398690931254e+01
1.328953541582332321e+02,1.118473038342395398e+02,4.372534213858695296e+01
1.367082758502413924e+02,1.109979460585059314e+02,4.131900486696223851e+01
1.400757420476615209e+02,1.096482520412456694e+02,3.876464683113073306e+01
1.435239863638228996e+02,1.083643763207521715e+02,3.637388483477325707e+01
1.461150980944170783e+02,1.062821687820990491e+02,3.369908974575848504e+01
1.487451582709225875e+02,1.041715206850910675e+02,3.111778073067259243e+01
1.505676910114044347e+02,1.013521245372608348e+02,2.830520053557496496e+01
1.519070472692983742e+02,9.812879984634248842e+01,2.541907744011621517e+01
1.532401974101126143e+02,9.488241436780822369e+01,2.263962461684637972e+01
1.539714465409296622e+02,9.116565414229336284e+01,1.975338256229318290e+01
1.547569886804931514e+02,8.765731384514876368e+01,1.711579880927028796e+01
1.551601969890187149e+02,8.377321322904606404e+01,1.439260200417593438e+01
1.550121956247244270e+02,7.951700242853895872e+01,1.160781750542800772e+01
1.546307051663040681e+02,7.515986896012692853e+01,8.896188220299961813e+00
1.545462051544162989e+02,7.114265768033953918e+01,6.473798678899944647e+00
1.536248363074275574e+02,6.650752677924995737e+01,3.847761923724012600e+00
1.529559192080710943e+02,6.216104342065832356e+01,1.481824010601004549e+00
1.519706759703946375e+02,5.766799212023929755e+01,-8.528111088320106115e-01
1.508976780888375231e+02,5.328159180597153721e+01,-3.030112278878303034e+00
1.497701405990363241e+02,4.889640400059864334e+01,-5.107431019105163728e+00
1.481505158664130875e+02,4.421446289417710318e+01,-7.242965311224432767e+00
1.468991504069733764e+02,4.002035659503458476e+01,-9.033302410686543382e+00
1.451951847929769031e+02,3.555309879759860792e+01,-1.088097307798051538e+01
1.439518014442500942e+02,3.173299956682672374e+01,-1.232305694165954435e+01
1.424397759524701428e+02,2.774416929246828190e+01,-1.377547499731152669e+01
1.406218981223683215e+02,2.363775351164977323e+01,-1.522350634880483788e+01
1.387574109594060587e+02,1.967189328933781667e+01,-1.653803311577770430e+01
1.371120285462499737e+02,1.605391274354523290e+01,-1.760992107318687871e+01
1.353209787757400022e+02,1.245905499753785151e+01,-1.862109654241490020e+01
1.330583143236222270e+02,8.587252456098179110e+00,-1.972893431386027174e+01
1.315167374085489769e+02,5.569729379667628599e+00,-2.035187027142751148e+01
1.296251877420482685e+02,2.379565349565434307e+00,-2.103826159110568028e+01
1.276481976673060927e+02,-7.444959139243720880e-01,-2.165578448691854163e+01
1.258292267249059933e+02,-3.553111630579213642e+00,-2.209007841381507475e+01
1.242784228339866530e+02,-5.968809541604299440e+00,-2.229796251359440262e+01
1.226425612740363960e+02,-8.331301353821260136e+00,-2.246761106671679897e+01
1.210738785814715328e+02,-1.046444390316157680e+01,-2.253919409696189291e+01
1.192973571477273111e+02,-1.270569952982677187e+01,-2.262750878611832661e+01
1.175052425441552373e+02,-1.480637631799865517e+01,-2.266832614042016658e+01
1.160288964365327615e+02,-1.647412301719283789e+01,-2.249328463217546314e+01
1.150617755507525146e+02,-1.754218617556350068e+01,-2.201307872649364583e+01
1.134703429488243387e+02,-1.912319972590072226e+01,-2.182215538592638282e+01
1.120767573443492466e+02,-2.040597708252268561e+01,-2.148853800438644512e+01
1.108839325053690459e+02,-2.139663184391984529e+01,-2.102659366304314759e+01
1.099988100415335168e+02,-2.200195129190472088e+01,-2.039552861638459547e+01
1.092990290136835227e+02,-2.235687077845017967e+01,-1.967202827444334901e+01
1.081739868411872152e+02,-2.306723891632167422e+01,-1.914630449158994097e+01
1.072643683334622295e+02,-2.349861322474703584e+01,-1.851343746098739729e+01
1.061738985997678810e+02,-2.404242507028504505e+01,-1.795286813023094652e+01
1.053292803297663198e+02,-2.429353866466663803e+01,-1.728924855145776718e+01
1.046837922576165028e+02,-2.430244345822492136e+01,-1.653838794286728486e+01
1.041954638317398434e+02,-2.410971841961442408e+01,-1.571250816734987055e+01
1.035542989190729770e+02,-2.404181177008952730e+01,-1.498799521269896928e+01
1.029639244818272914e+02,-2.388206044789184190e+01,-1.424274859744018684e+01
1.027224054995664204e+02,-2.337049302534779116e+01,-1.337270892679305945e+01
1.024098408379793170e+02,-2.291357743791753876e+01,-1.256505138889131779e+01
1.020114047300956344e+02,-2.251461999189904972e+01,-1.181229912859451936e+01
1.016983034284092327e+02,-2.202783296849736772e+01,-1.105498159700824168e+01
1.018048221592714384e+02,-2.112744572041376756e+01,-1.013342358832726120e+01
1.017970118271182685e+02,-2.032913444523959967e+01,-9.292454672897807910e+00
1.016246626389700083e+02,-1.971172315066674230e+01,-8.580911094324505939e+00
1.016248681853353730e+02,-1.892999153378032418e+01,-7.821882638897781348e+00
1.016519667967513669e+02,-1.812267202676929045e+01,-7.080275397566131446e+00
1.015080560709991033e+02,-1.750898841549287255e+01,-6.468609768252855829e+00
1.018632158454415446e+02,-1.640360585803464843e+01,-5.643549457580525619e+00
1.022402413504751877e+02,-1.530529143963710581e+01,-4.858664947518446020e+00
1.023832537793081912e+02,-1.444941861870919197e+01,-4.220431973758365984e+00
1.026955354770425259e+02,-1.346374445939662046e+01,-3.550714238651212717e+00
1.029154651933818627e+02,-1.260064219033036359e+01,-2.969287325057715865e+00
1.031275784679707499e+02,-1.174551274863142503e+01,-2.413741517975246165e+00
1.032670957099583688e+02,-1.100292068790797373e+01,-1.938736029575250930e+00
1.033186684239526727e+02,-1.037302242467923286e+01,-1.539144806370064122e+00
1.036184291272097653e+02,-9.506252512090025419e+00,-1.041826001262596835e+00
1.037077462084463235e+02,-8.882841812678607951e+00,-6.835622299169975546e-01
1.040529174574469238e+02,-8.027416420704701849e+00,-2.287754107806874437e-01
1.042792031682757141e+02,-7.308303264951905298e+00,1.405892946675708077e-01
1.049954179824973153e+02,-6.141947204782697511e+00,7.092214576205739807e-01
1.052186260945558729e+02,-5.493111391515623332e+00,1.003955147093717137e+00
1.057001654471375929e+02,-4.633747960887266260e+00,1.388378628734378673e+00
1.060468552730124685e+02,-3.927591932313708956e+00,1.681567797112647478e+00
1.067479001785973622e+02,-2.908743495474608309e+00,2.112897554399600697e+00
1.068352959126346491e+02,-2.526103901562060106e+00,2.219158415161533782e+00
1.074045632320191856e+02,-1.691022022502482347e+00,2.538467994739974642e+00
1.078365800792570894e+02,-1.021682483689340115e+00,2.762781723839855541e+00
1.080227438580458141e+02,-6.278010034685054253e-01,2.847232457213996426e+00
1.083269364754746249e+02,-1.397883821205750943e-01,2.973716024015106374e+00
1.085061578635389168e+02,2.097993154437264862e-01,3.024865948586965558e+00
1.085666048904558210e+02,4.181995854104799126e-01,3.009262799420032053e+00
1.088670371572232654e+02,8.471695110009561658e-01,3.100397953178690713e+00
1.092753164288060361e+02,1.362165526706898833e+00,3.227703497915255682e+00
1.096666053526720646e+02,1.836172443081063532e+00,3.328714059337261943e+00
1.099200956939533427e+02,2.150082943998102625e+00,3.350029687271275591e+00
1.105193432660348520e+02,2.784896958341003703e+00,3.521992155502658317e+00
1.106097283002885661e+02,2.891259578196919033e+00,3.435045434155457489e+00
1.109291086219076305e+02,3.209958161574604230e+00,3.455456500272765297e+00
1.108820463318134699e+02,3.152803875359277974e+00,3.291227806236511899e+00
1.113064127462791220e+02,3.551135679805976775e+00,3.354591959019783243e+00
1.115876443888858773e+02,3.788042004850280087e+00,3.336527753693093068e+00
1.120837288012375410e+02,4.219389463093716763e+00,3.413415518047177688e+00
1.121920914669148033e+02,4.250215360254891550e+00,3.295392596300092070e+00
1.124097571753011664e+02,4.379351968763471881e+00,3.228817236167970339e+00
1.124929206505426293e+02,4.366473460961388220e+00,3.097601272782509518e+00
1.123315694101247431e+02,4.108114265631590989e+00,2.852949538868906565e+00
1.128793098686220162e+02,4.546150400572270378e+00,2.954291730149129602e+00
1.130327098770066669e+02,4.578144250349935440e+00,2.856644574130264402e+00
1.129448125165259569e+02,4.364330561246161366e+00,2.642496590366241627e+00
1.128475040799606575e+02,4.146704880079960631e+00,2.438100165076560799e+00
1.132220853148648558e+02,4.392415536080447325e+00,2.464967147467004072e+00
1.134483184397789586e+02,4.479924334505708039e+00,2.414797237123464502e+00
1.136572565893093270e+02,4.541523339414940352e+00,2.354051144915065397e+00
1.134892391509104073e+02,4.228979875774573571e+00,2.116024879005275139e+00
1.134450268317860377e+02,4.042884735316357947e+00,1.948426861075928995e+00
1.135122155100287387e+02,3.969014841780778902e+00,1.842178347573268482e+00
1.134468766802882129e+02,3.767042627928093967e+00,1.680042805264868822e+00
1.130293170539999039e+02,3.222599909561047582e+00,1.358976379269317469e+00
1.132152228851982869e+02,3.286931578359151285e+00,1.345282264571428410e+00
1.133840225856521897e+02,3.329423509862194486e+00,1.321506378821439398e+00
1.133022297523640987e+02,3.121407391998735292e+00,1.177159586190080542e+00
1.135721692102786875e+02,3.262715941094465943e+00,1.207639238368994450e+00
1.136969788772153009e+02,3.257715454078716544e+00,1.167222033561893246e+00
1.136913007582804482e+02,3.122474179361634850e+00,1.065658645653030145e+00
1.135629819190165932e+02,2.870479877027964033e+00,9.129564806238003039e-01
1.133163876511349883e+02,2.511064247162516416e+00,7.146647165918474931e-01
1.131986981197894409e+02,2.287606255659279331e+00,5.898972789969217922e-01
1.134342874382853807e+02,2.417455321119398981e+00,6.405835792989738042e-01
1.136466624430634056e+02,2.521188938307244776e+00,6.767550992285144007e-01
1.136073401460353409e+02,2.372508396343072423e+00,5.896022179001242369e-01
1.135635067134315079e+02,2.224945480381550933e+00,5.069937099917273260e-01
1.132808495268629940e+02,1.849868825731715960e+00,3.188489014341298056e-01
1.132483637598805046e+02,1.730005322772513399e+00,2.612024004481750539e-01
1.128565797385561922e+02,1.266556570648005087e+00,4.103524797726909590e-02
1.128390847977322551e+02,1.184770572931300281e+00,1.370813171159280391e-02
1.128197843218512730e+02,1.104139833296454709e+00,-1.173857106895724242e-02
1.126789828456575719e+02,9.095164183914499212e-01,-9.127155714868226410e-02
1.126624198000858286e+02,8.433540720543897251e-01,-1.053334176721287818e-01
1.122900414643007849e+02,4.345296039760766504e-01,-2.835620932033948161e-01
1.119392457930159708e+02,6.211586195407517441e-02,-4.364990262743030924e-01
1.119612526565519346e+02,6.815913726430024300e-02,-4.007242098811834019e-01
1.117455332734995039e+02,-1.553761787082348911e-01,-4.771666530288078967e-01
1.118951231767727421e+02,-1.323347091997795558e-02,-3.745071835042113606e-01
1.120350116854902041e+02,1.164562977822911627e-01,-2.823989842295610564e-01
1.115775436912418428e+02,-3.406986364088293584e-01,-4.761744435553141308e-01
1.116181917131040251e+02,-2.932526130499654715e-01,-4.188634333172995827e-01
1.115393589089388513e+02,-3.621991896638836472e-01,-4.201568405432717368e-01
1.114656340912763994e+02,-4.221394228954997718e-01,-4.171497871921293066e-01
1.112784815361352742e+02,-5.890054298745555084e-01,-4.653985567454579919e-01
1.113401365075701079e+02,-5.050891730337154772e-01,-3.911725684730100738e-01
1.113983822929900214e+02,-4.261147092265113456e-01,-3.227360826792606274e-01
1.114541345559013763e+02,-3.505735550574147763e-01,-2.583830993790456887e-01
1.117438760486974729e+02,-4.810764357461175950e-02,-8.808110861529505620e-02
1.115446957751262005e+02,-2.329717292287934727e-01,-1.592641013976841546e-01
1.114762932284165657e+02,-2.822205425960644387e-01,-1.620038131125982050e-01
1.111779158840216581e+02,-5.534328493108779945e-01,-2.716419926025192000e-01
1.112519144194111647e+02,-4.499242915453364744e-01,-1.964428719667285772e-01
1.112052111298128523e+02,-4.665792674633445491e-01,-1.820445128321156736e-01
1.112808288753914638e+02,-3.624322868292212396e-01,-1.104534681648760008e-01
1.113530672651174598e+02,-2.642612217243666684e-01,-4.479725489307732206e-02
1.114220232008947846e+02,-1.714951252864396758e-01,1.562998288236476865e-02
1.116061758712969549e+02,3.055074798371831130e-02,1.259414275273372519e-01
1.118972415384618131e+02,3.302998150001197897e-01,2.783759777054738982e-01
1.119357015280677672e+02,3.726595657887792346e-01,3.004288759115081864e-01
1.120893151100309950e+02,5.261222601082360395e-01,3.751430094525174397e-01
1.122339948413853534e+02,6.649506511874754278e-01,4.392791543584786962e-01
1.121343869949369747e+02,5.602509222846417947e-01,3.839304753514176660e-01
1.125111568882614250e+02,9.240375814991557135e-01,5.558288325599651802e-01
1.122761072803763085e+02,6.774377145176651016e-01,4.277466567274083586e-01
1.120535750290285506e+02,4.513927558236890958e-01,3.144905852301761451e-01
1.121984469892298506e+02,5.919194024471420290e-01,3.820578517563952281e-01
1.119811833451500149e+02,3.738806542753382867e-01,2.746318780308046881e-01
1.118946706766003416e+02,2.913798493519423327e-01,2.368762390701069920e-01
1.118137515133294642e+02,2.174848321929517825e-01,2.048565474593453950e-01
1.120906330620869511e+02,4.957688862954849895e-01,3.434054471048380575e-01
1.121159621122840520e+02,5.181022811356392754e-01,3.526519478056722168e-01
1.119038694941753249e+02,3.081377845017384542e-01,2.503367655392927937e-01
1.115874844525932019e+02,4.047284757665556981e-03,1.071151452794601860e-01
1.115265183458941038e+02,-3.925044987434823246e-02,9.558052769705947804e-02
1.113524196742314558e+02,-1.908056050935197367e-01,3.236748529882195469e-02
1.111901759798304994e+02,-3.247858879456694825e-01,-1.965550890736204523e-02
1.113926445310051463e+02,-9.713858617200821222e-02,1.044371760755755663e-01
1.117013644940355164e+02,2.264818973771118571e-01,2.691456314806656702e-01
1.116392050669026332e+02,1.766337231009256215e-01,2.474489958944437462e-01
1.113460770395053032e+02,-9.651840384234659787e-02,1.192864807985969527e-01
1.114250905087222634e+02,3.403237907929696632e-03,1.757968498608224461e-01
1.115002054480967075e+02,9.622104496431252429e-02,2.264690677664168983e-01
1.113364405639980674e+02,-4.680183760170510826e-02,1.615941482240810245e-01
1.115379956981848153e+02,1.727678521829227598e-01,2.744115160517262009e-01
1.117266017183982569e+02,3.710326455227578868e-01,3.719409062907747532e-01
1.116693818706482091e+02,3.222472260004745626e-01,3.461872211729859483e-01
1.117341782461163575e+02,3.942458615938024824e-01,3.793597893482216765e-01
1.119126743699991522e+02,5.746020288805865350e-01,4.635617647580806966e-01
1.118444867482788823e+02,5.074677268683150944e-01,4.254172729479445692e-01
1.118995132838420261e+02,5.622880535818360892e-01,4.466519252737543022e-01
1.123028632107461817e+02,9.558664413675553861e-01,6.311448354886047829e-01
1.120936061745458119e+02,7.358030971909946816e-01,5.118433419010073315e-01
1.126011411302830680e+02,1.222990459218664672e+00,7.375298987779640436e-01
1.123724857280830776e+02,9.725732767614106988e-01,5.987248250765309088e-01
1.125094580938013422e+02,1.087589469018707344e+00,6.416744347697393991e-01
1.122823111491448742e+02,8.430352306677064700e-01,5.106013610485149457e-01
1.125412144941759038e+02,1.081041620552580129e+00,6.171312992551826193e-01
1.125457929464019315e+02,1.061700903185603728e+00,5.952034756433634000e-01
1.121964528829286536e+02,6.967449840992127053e-01,4.080418155711370565e-01
1.124565328813192764e+02,9.392556062801866723e-01,5.205235592731237704e-01
1.124627516573716406e+02,9.253196052292971263e-01,5.052039239263946824e-01
1.121162378511647120e+02,5.665905356341067733e-01,3.246487580380824078e-01
1.117897774386028829e+02,2.405793967593498062e-01,1.678136533594148938e-01
1.117184970102442065e+02,1.756021550663511843e-01,1.429318976036056676e-01
1.117694636543913020e+02,2.328671097132374301e-01,1.780729526250163786e-01
1.119353814518553634e+02,4.006765546702698022e-01,2.648778271225198933e-01
1.122085303352455554e+02,6.670569149593273961e-01,3.950396238082565237e-01
1.121122672029024017e+02,5.631517701647875684e-01,3.418720967678691713e-01
1.122569148346070875e+02,6.980445134030169863e-01,4.056884714966794703e-01
1.121560294478228030e+02,5.886706531265706310e-01,3.497653350424460572e-01
1.121798561523751090e+02,6.040798544790383362e-01,3.555328689127555952e-01
1.122008824898101267e+02,6.165959445833055774e-01,3.600579778944124620e-01
1.121018095238587620e+02,5.114479261874058658e-01,3.078632810581036772e-01
1.117738556288602183e+02,1.865548983396825566e-01,1.523082561254010259e-01
1.117014220435216458e+02,1.232312220295913308e-01,1.291859464528441193e-01
1.118694468350403071e+02,2.972247309452757391e-01,2.209160481095847894e-01
1.119094018937455388e+02,3.400936443147545285e-01,2.456160182008501058e-01
1.121835096027433991e+02,6.100138743628384930e-01,3.782676353792593926e-01
1.119681978103006657e+02,3.929289617688914715e-01,2.717820523541899513e-01
1.117665610724156409e+02,1.968006956520617079e-01,1.796016346820450971e-01
1.121654414066719312e+02,5.941065684760210575e-01,3.763887293875029516e-01
1.120703308641044060e+02,4.946346436636679944e-01,3.259026846300114855e-01
1.118623024348895996e+02,2.887584314566620236e-01,2.266978512579440330e-01
1.122554386829131090e+02,6.772969999918406758e-01,4.173562498833126577e-01
1.120366676667180883e+02,4.543491232011226399e-01,3.060887150924634925e-01
1.118303190712927062e+02,2.515977401379799749e-01,2.092657914594479307e-01
1.117547869860315473e+02,1.841503831538753855e-01,1.817300940409625754e-01
1.115669980718012937e+02,9.979983504807020400e-03,1.041693337355736604e-01
1.113911992608337016e+02,-1.458178447414785750e-01,3.867413127169157250e-02
1.113449489348162587e+02,-1.690125302265595986e-01,3.972504393131277151e-02
1.115377454324345763e+02,4.271549878756630836e-02,1.534604765766471313e-01
1.113668977831367783e+02,-1.079036345273993586e-01,8.819393952223436584e-02
1.113252612584909542e+02,-1.266279280804026575e-01,8.900639059089240912e-02
1.115225141529114836e+02,8.921298783272080257e-02,2.026095336579587514e-01
1.119439125101091435e+02,5.167250721269713853e-01,4.133823488980827854e-01
1.117522309245644294e+02,3.298417871707764459e-01,3.194924484133787046e-01
1.116902770762063994e+02,2.769015655534508014e-01,2.947704391470973850e-01
1.122209885916271759e+02,8.040224267719129347e-01,5.490814700437873785e-01
1.118941861940850373e+02,4.745697141028245580e-01,3.810502642368464032e-01
1.119419005187250065e+02,5.223235766543975478e-01,4.012275263094606248e-01
1.119849513470507389e+02,5.636586109406399592e-01,4.176129463469839265e-01
1.121438358719523194e+02,7.162347008282221594e-01,4.865463212437529661e-01
1.120574186348120804e+02,6.235689278966813909e-01,4.348330691377496615e-01
1.122110406467137409e+02,7.682730204626851966e-01,4.993264356299262907e-01
1.123544892658721324e+02,8.976368019738598658e-01,5.538810814322449039e-01
1.122542389459862449e+02,7.834854317965705972e-01,4.887594155377663063e-01
1.119227868755575344e+02,4.479046387071978774e-01,3.205202207099825951e-01
1.122005818647877078e+02,7.186349552691058129e-01,4.503145409725262116e-01
1.124616255802770155e+02,9.630658210774246664e-01,5.621101785629530889e-01
1.127041132539307995e+02,1.180281048962864565e+00,6.559936197518208001e-01
1.129311303431098423e+02,1.373809966473017452e+00,7.346351821059989851e-01
1.127894732383543328e+02,1.199244281292576098e+00,6.327304944970179035e-01
1.128904204515337995e+02,1.266049857940351187e+00,6.502105514606700831e-01
1.125108171403745274e+02,8.626392831016150842e-01,4.427034590578970419e-01
1.123898626989867466e+02,7.252076077750828631e-01,3.713926975482967352e-01
1.121589384280605515e+02,4.847738135238154888e-01,2.535199756115250613e-01
1.117052385416587015e+02,3.609219009519586130e-02,4.080439994240032259e-02
1.115149585514328692e+02,-1.387093281521835364e-01,-3.118365322570269826e-02
1.116902929520930883e+02,5.049448014478370717e-02,7.494514558201899324e-02
1.115025492468108865e+02,-1.209567226172848370e-01,3.206255154467055335e-03
1.116800183954433265e+02,7.093612120971079515e-02,1.090014585476833109e-01
1.117297838361656517e+02,1.318070886433873046e-01,1.474109573809261609e-01
1.117770263307996146e+02,1.884156319889706555e-01,1.821241860349560870e-01
1.117040907405562677e+02,1.257915453809586581e-01,1.577473770326745794e-01
1.115182291791508220e+02,-4.441041338306896125e-02,8.275300942510480096e-02
1.114626751135209304e+02,-8.070718688685499242e-02,7.564248224812650245e-02
1.114116276802717209e+02,-1.107131378045165537e-01,7.184200134076994260e-02
1.114823381770754906e+02,-1.988497254238785067e-02,1.262024244987219324e-01
1.115497931533492704e+02,6.449354927498140988e-02,1.750887146875579892e-01
1.114965053483512349e+02,2.862406084903319423e-02,1.642909487897630527e-01
1.116824289416702101e+02,2.274929290948899119e-01,2.662064093089844818e-01
1.113870092730862780e+02,-5.027495777967852519e-02,1.349408260303814056e-01
1.115819155616194820e+02,1.614117257337208400e-01,2.454168114378589560e-01
1.114124989907311942e+02,9.543909255788563667e-03,1.756200043672678512e-01
1.113719490204954781e+02,-1.050163310565944627e-02,1.720577291199249514e-01
1.113350888396059020e+02,-2.619550922658720957e-02,1.710298977157716227e-01
1.108310076784362224e+02,-4.967513216637777229e-01,-4.871226716404823687e-02
1.108301954676414738e+02,-4.578573525892195573e-01,-1.375841803301480759e-02
1.109497177604331313e+02,-3.029971841840441993e-01,7.511788826006524089e-02
1.109456342559345785e+02,-2.734581790001398560e-01,9.979737323403541083e-02
1.110613783592144870e+02,-1.274081144105031482e-01,1.795175711669197705e-01
1.111716172699901932e+02,7.968918396749619451e-03,2.506021071179872495e-01
1.112764688458599665e+02,1.336385691970675693e-01,3.138333085513515530e-01
1.116111538786288548e+02,4.791286628397302683e-01,4.802098595363078481e-01
1.116910541431117423e+02,5.632201528549413139e-01,5.138214279153565656e-01
1.118839986043198564e+02,7.541908160024984875e-01,5.973266638625704950e-01
1.120655691824477458e+02,9.263154432374175462e-01,6.678756296399780412e-01
1.122339871902667028e+02,1.078775095188692301e+00,7.261473775798540364e-01
1.116868276142472212e+02,5.260942411787191686e-01,4.429577234083840187e-01
1.121132636464292176e+02,9.437652526992076352e-01,6.385715786632804036e-01
1.119249596557702660e+02,7.454187144614227156e-01,5.295573596058453791e-01
1.116309799063369610e+02,4.502610071019329530e-01,3.783325223664441017e-01
1.117071766717555050e+02,5.271759633901759168e-01,4.127333130889402346e-01
1.116608129566427152e+02,4.816432561761477271e-01,3.870685687241743334e-01
1.116183566176122923e+02,4.410932464117618412e-01,3.643580286904048449e-01
1.116953293068601738e+02,5.186719543173017311e-01,3.997687975181751230e-01
1.120028142190887905e+02,8.182976224228613038e-01,5.402789964728170746e-01
1.120566421293491999e+02,8.588885424785230871e-01,5.501779797065851074e-01
1.119882542688960285e+02,7.784026859266998111e-01,5.016699020531454334e-01
1.120418782677283076e+02,8.192074714959981518e-01,5.132824292601474436e-01
1.123258594362994671e+02,1.083512593930563650e+00,6.322501622586849113e-01
1.120035841090773800e+02,7.452970652696249143e-01,4.561332135160506285e-01
1.124071488543136184e+02,1.127334231228252381e+00,6.336378432515875625e-01
1.125488923172931095e+02,1.239318102781356234e+00,6.736923380136800033e-01
1.124432163799575477e+02,1.105643530887775672e+00,5.943898347426348483e-01
1.125786613071270779e+02,1.211222853450296677e+00,6.332775583949097342e-01
1.125864474487967613e+02,1.187923124476179426e+00,6.087660114679467327e-01
1.123578178235088814e+02,9.334222869242072562e-01,4.737707965770132645e-01
1.123772782562551669e+02,9.298875691930296172e-01,4.653349437775844977e-01
1.123932639571443559e+02,9.232755854241692095e-01,4.560319785285038008e-01
1.126431710498419392e+02,1.144318249767628748e+00,5.561410249585289067e-01
1.125233499810620259e+02,9.959548723192165331e-01,4.745406110021892498e-01
1.124078489201481261e+02,8.576546360540193703e-01,4.016688769332354969e-01
1.121815330764741958e+02,6.144305917635326519e-01,2.802881689513723740e-01
1.123205971023416936e+02,7.378673653935892141e-01,3.413142756735185190e-01
1.124502932537927364e+02,8.475867337718205885e-01,3.930770221482897675e-01
1.125724077255681550e+02,9.450073192869006267e-01,4.363917043770241255e-01
1.126839615580903740e+02,1.029280250161050514e+00,4.719044023657629761e-01
1.125521511125171656e+02,8.726336481770599063e-01,3.902246036109917049e-01
1.124284179773481185e+02,7.284935050368313014e-01,3.177619436979512435e-01
1.125450727938175248e+02,8.249287689354407593e-01,3.641919933449421221e-01
1.126532959204215558e+02,9.092941527800064705e-01,4.025313075907320792e-01
1.126390737668598661e+02,8.693855125953753316e-01,3.792513618209797932e-01
1.126184600210511064e+02,8.277886464513517506e-01,3.572468005938357338e-01
1.127191452836257213e+02,9.041710285668868030e-01,3.922880791864908900e-01
1.125785047276897473e+02,7.417764824013313163e-01,3.114908980148979878e-01
1.125598635883938528e+02,7.055383732418812892e-01,2.947201438780431282e-01
1.123067633028416736e+02,4.416641388920238831e-01,1.692443247143586016e-01
1.121870048845797925e+02,3.171324172916828998e-01,1.158274854735388687e-01
1.121915016630852904e+02,3.191335351442060042e-01,1.256740307698224479e-01
1.121958105319069432e+02,3.209946096314467145e-01,1.348433140469112446e-01
1.123169634096846323e+02,4.375734347917958900e-01,1.989248800260814409e-01
1.123127604464447842e+02,4.277572639916196739e-01,1.993757768911582628e-01
1.121912950302149454e+02,3.038717813101700083e-01,1.449195537560650504e-01
1.123119114806022196e+02,4.214980011548306038e-01,2.090785087447180057e-01
1.123079908746139353e+02,4.130614218475004984e-01,2.096003295292689639e-01
1.124208279512601933e+02,5.196514114264153550e-01,2.655950403186847497e-01
1.121735108506298531e+02,2.708647809608302204e-01,1.483777519732566441e-01
1.120592177006723489e+02,1.611367325684181506e-01,1.029623403062472076e-01
1.120697075518511383e+02,1.776932822592979244e-01,1.201989178750864223e-01
1.118445875563845533e+02,-3.578252463325110044e-02,2.633131517571183494e-02
1.122217673013766728e+02,3.469732515375055781e-01,2.227894793711352461e-01
1.123413197464382165e+02,4.648217174731614776e-01,2.837483819959061293e-01
1.121000450894820091e+02,2.263104713440786120e-01,1.708480256692044286e-01
1.118740890841278599e+02,1.158702507800809731e-02,7.412103354433799418e-02
1.117799169629078477e+02,-6.612612976366852302e-02,4.744765515843353543e-02
1.119278685742782784e+02,9.582460564170194872e-02,1.371194950225770315e-01
1.120675736538686067e+02,2.442946308177146864e-01,2.161939378414888535e-01
1.120811152893036109e+02,2.644908513016020479e-01,2.303586305934391398e-01
1.120941904301859182e+02,2.838212728850043054e-01,2.436395462660370936e-01
1.118718445981412231e+02,7.270418367781746050e-02,1.453672179270238674e-01
1.117812271038168035e+02,-1.748210747350823629e-03,1.171975692775832079e-01
1.116970036938819533e+02,-6.693571028314676541e-02,9.456620006140491197e-02
1.117366473307155985e+02,-8.025122757557540121e-03,1.326124862039405050e-01
1.116572955052013185e+02,-6.717019522123267306e-02,1.125107304131831298e-01
1.115838647018643996e+02,-1.179061884112456576e-01,9.714908825210583077e-02
1.115157692026194098e+02,-1.608046834491204113e-01,8.604541104918295158e-02
1.116891113599772893e+02,3.339930893580635163e-02,1.893127940261812303e-01
1.116172893745235086e+02,-1.818981070351211732e-02,1.701199694533991613e-01
1.115508410407756941e+02,-6.192642035837332692e-02,1.553986105463699419e-01
1.111367907494092009e+02,-4.438032266500306910e-01,-2.085613776645261694e-02
1.113383431667069630e+02,-2.101836992791210057e-01,1.059998893795484898e-01
1.111762703220259283e+02,-3.388424888165723625e-01,5.333994012084503078e-02
1.113788602344344270e+02,-1.061482328321176061e-01,1.766741185862512609e-01
1.112182085018823443e+02,-2.365393496591728373e-01,1.206002837399032385e-01
1.111861225030915676e+02,-2.359506522280764573e-01,1.293801846458856875e-01
1.112756189162632836e+02,-1.167221656750516701e-01,1.948531541754336960e-01
1.114786129130401662e+02,1.094703103542718076e-01,3.090184672695973078e-01
1.115531878228279226e+02,2.024682001875053594e-01,3.540803385094614675e-01
1.115064811396292868e+02,1.734433783773917936e-01,3.387392398348273992e-01
1.114635550682015719e+02,1.489588497392086430e-01,3.261526714262438786e-01
1.116599646804300789e+02,3.591819809460879420e-01,4.264130492918661863e-01
1.120801259558111411e+02,7.798480663732508811e-01,6.238695312929728454e-01
1.118864204129971114e+02,5.856022952105972568e-01,5.175328565058185948e-01
1.115866604775124813e+02,2.940818858435066407e-01,3.685561475350335181e-01
1.114233113144233300e+02,1.461966467409424320e-01,2.953656376328576139e-01
1.115064636378905760e+02,2.443769492963885070e-01,3.437530880666406219e-01
1.115853913602706058e+02,3.348358103653412132e-01,3.860882903240995812e-01
1.115424913329219123e+02,3.029515045177600396e-01,3.678354746696865241e-01
1.116206167995904224e+02,3.902566329310281912e-01,4.075706319885381013e-01
1.115770627671853674e+02,3.554403827122272763e-01,3.867645877551407763e-01
1.115356296266047735e+02,3.235920798594776882e-01,3.686850084310077103e-01
1.116159019164385882e+02,4.117649788094363550e-01,4.087233484014421991e-01
1.119263766511375309e+02,7.214000758909213662e-01,5.538313137163483058e-01
1.119836741097304582e+02,7.717350315864234256e-01,5.673835770041906201e-01
1.122712129483446120e+02,1.045662867249777195e+00,6.893130550721341399e-01
1.121878152014934784e+02,9.458659451161551823e-01,6.252455272733229430e-01
1.119917770202357161e+02,7.388714755723487793e-01,5.123498714075831462e-01
1.120420230210609560e+02,7.794303210847167707e-01,5.233959458888800542e-01
1.118528875023832114e+02,5.846918515431045460e-01,4.212639382596297111e-01
1.116755222396865292e+02,4.072008969238799514e-01,3.305499409224531004e-01
1.118619732118616099e+02,5.919776621887189449e-01,4.188295902573682117e-01
1.121538834567682557e+02,8.731041655166674742e-01,5.498667297633087481e-01
1.123113383930606801e+02,1.011598195422229507e+00,6.060752658052216413e-01
1.122215147712898329e+02,9.033683162106015407e-01,5.415165191851740722e-01
1.123707785057820843e+02,1.032423079491892937e+00,5.941483620441293523e-01
1.120411813792786830e+02,6.881592568025047818e-01,4.167652622983059607e-01
1.122000054417826931e+02,8.332963937676751698e-01,4.824038531593964341e-01
1.123491935987331658e+02,9.638699706353156538e-01,5.388510841767540915e-01
1.123715866596337776e+02,9.642678833609620304e-01,5.291880755952470539e-01
1.123912922770351912e+02,9.623961459098755444e-01,5.197868586432078386e-01
1.125247260613737978e+02,1.070439523972759988e+00,5.623996120974167345e-01
1.127656993229031031e+02,1.280066879712616679e+00,6.529801237252220725e-01
1.124037484382176046e+02,8.916918154889809101e-01,4.516164913702164219e-01
1.119440204364342577e+02,4.222154689223303614e-01,2.204690369271388173e-01
1.117475350015928512e+02,2.268055986991789619e-01,1.309547676844893538e-01
1.119164343889987379e+02,3.952389531070819584e-01,2.198810579464896553e-01
1.117211151921697763e+02,2.025721686677970090e-01,1.316331049501907602e-01
1.120086598002351082e+02,4.885167864612129929e-01,2.770673576630734991e-01
1.119258753185644792e+02,4.028524724907995846e-01,2.378132089751051337e-01
1.120836803322403767e+02,5.551172401452600935e-01,3.144491573265656426e-01
1.119950199020515811e+02,4.613896799129600934e-01,2.694326745948580348e-01
1.116770048974660909e+02,1.470791844933664050e-01,1.203329575959996706e-01
1.114961462938874348e+02,-2.128811499013725031e-02,4.811515659132159506e-02
1.114446657812032555e+02,-5.694765136035559450e-02,4.251879790801252335e-02
1.111619695137569011e+02,-3.157210574279812887e-01,-6.948808621121510543e-02
1.112511519748192654e+02,-2.017746114615683595e-01,2.225848900795177054e-03
1.113356234899359123e+02,-9.566991043944703121e-02,6.684250345380737812e-02
1.114162805687059432e+02,3.508044999865064101e-03,1.254706654927754128e-01
1.116107301616169281e+02,2.106008741127466666e-01,2.334235452128052279e-01
1.119110484435297792e+02,5.136995068310548085e-01,3.828045901329339973e-01
1.119587332085271925e+02,5.590339415378424714e-01,4.017263616671996052e-01
1.121199982301107099e+02,7.136045259145883390e-01,4.725208011911258277e-01
1.119183569581827697e+02,5.079684341068211317e-01,3.671524867156196748e-01
1.122004682731275409e+02,7.814652286464726094e-01,4.961607378872225360e-01
1.121109465359553212e+02,6.819968802753317849e-01,4.404709974962023877e-01
1.122612493572929537e+02,8.203546112341063568e-01,5.018387761610118014e-01
1.120494305671351469e+02,5.996541399792433280e-01,3.879491979496395571e-01
1.119678928845800812e+02,5.141533149939352398e-01,3.442096033578399550e-01
1.122434614597394642e+02,7.801351302307913960e-01,4.709770774689686634e-01
1.119136111029328760e+02,4.444595733897987455e-01,3.023627653103730939e-01
1.120743238435174618e+02,6.002651773735634411e-01,3.777811705859321356e-01
1.121070928167578558e+02,6.256051914216362864e-01,3.874419472372583884e-01
1.120204455139939341e+02,5.329097529759483365e-01,3.396193793977154707e-01
1.124082611715057709e+02,9.072505577514737851e-01,5.187568967038157508e-01
1.125368077514128515e+02,1.014296866417820686e+00,5.615289102313277825e-01
1.127751686353723528e+02,1.223730275077861362e+00,6.514967416655850219e-01
1.131143186138909158e+02,1.523658045247925585e+00,7.813053928415913951e-01
1.130776580434521037e+02,1.444520791000379667e+00,7.231193105560382861e-01
1.130404268616742343e+02,1.367162409500761289e+00,6.685880815127082100e-01
1.128854758856403748e+02,1.176968931632008664e+00,5.622376607792863856e-01
1.127378033570740854e+02,1.000489130545550553e+00,4.671995305777060237e-01
1.128344088667697349e+02,1.068402046668107674e+00,4.940744956461446402e-01
1.126882280862357817e+02,8.958011342958047685e-01,4.036061612836108203e-01
1.127825973324429043e+02,9.649793370180058671e-01,4.333055393475881978e-01
1.128712808926421332e+02,1.025139516872354051e+00,4.571961633684580861e-01
1.130711752222620134e+02,1.191043033532483530e+00,5.307397512009953688e-01
1.127851985267551100e+02,8.768905004576748041e-01,3.707204041586600329e-01
1.127508479505490158e+02,8.197144595339468376e-01,3.413071081680316143e-01
1.129531995326804577e+02,9.948523784217568888e-01,4.243315827437196264e-01
1.130245389536178493e+02,1.035279278163106609e+00,4.389641056680387843e-01
1.128523350046947513e+02,8.372685956552248232e-01,3.386583910492806382e-01
1.126912258920801264e+02,6.561198451271014198e-01,2.505605981517868841e-01
1.131265489246484748e+02,1.064671390296398457e+00,4.498524024407473676e-01
1.129445135714744879e+02,8.555478498850161984e-01,3.436589629925324574e-01
1.130080653377343509e+02,8.934622831493659323e-01,3.607751810891619004e-01
1.129484960230498416e+02,8.096967947876241301e-01,3.185856133265794754e-01
1.127738491657214013e+02,6.168433660879241165e-01,2.260721535706144980e-01
1.129626746688461765e+02,7.850215776074004337e-01,3.105511721294851868e-01
1.127846849638318503e+02,5.896321676255390498e-01,2.169614400304937796e-01
1.127335008693464147e+02,5.260607691813028453e-01,1.909407804632240468e-01
1.128039980733935295e+02,5.825039494656422123e-01,2.231553882103012310e-01
1.127504365610924850e+02,5.171123819691459955e-01,1.959384762243011058e-01
1.124650566746297642e+02,2.278679133882006713e-01,6.239750093354244631e-02
1.130200740045335550e+02,7.698360558592555192e-01,3.339108950768241990e-01
1.128350002560015497e+02,5.693775138002007408e-01,2.367781075149389125e-01
1.127765723709508165e+02,5.007949109136399235e-01,2.073738672094947721e-01
1.126051079101551693e+02,3.239718539860534374e-01,1.272498880886242800e-01
1.124432544735770136e+02,1.636458908547409330e-01,5.871008110086467502e-02
1.122910515079066869e+02,1.903990475320969586e-02,4.476416241555071507e-04
1.121487442115381725e+02,-1.099972684296053049e-01,-4.782853021644876967e-02
1.122511000280980511e+02,5.270303579454703458e-03,2.334584931947008418e-02
1.127010104576763752e+02,4.563794497921384030e-01,2.528996586871199437e-01
1.127698915544116431e+02,5.195264755328699025e-01,2.861214104478503883e-01
1.125992387623146271e+02,3.465683127627109394e-01,2.044262808383593144e-01
1.126740839547506567e+02,4.197147462873886403e-01,2.444751240151008809e-01
1.123916026093947664e+02,1.415971096477053048e-01,1.140475215966261641e-01
1.124795927417530379e+02,2.355310224847196598e-01,1.679212484896561164e-01
1.123267373587153628e+02,9.136389235165520706e-02,1.051514799066088357e-01
1.121837135948000395e+02,-3.762019476797753836e-02,5.224820885664510639e-02
1.118149716016192770e+02,-3.815202050880220908e-01,-1.013669058578266641e-01
1.121764883689929491e+02,9.597920729615232183e-04,1.007829931044625094e-01
1.122817438532371028e+02,1.203642425922178127e-01,1.683385160770816957e-01
1.122633695263482707e+02,1.147408434819383316e-01,1.721643384510232466e-01
1.118934814690971393e+02,-2.337668274155763892e-01,1.106340137334260731e-02
1.120181830273748460e+02,-8.620394130900881080e-02,9.521328263348076415e-02
1.117833303217032039e+02,-2.940245863759400891e-01,4.987120574655303645e-03
1.115649748450108660e+02,-4.780631842741168702e-01,-6.980728474523137383e-02
1.114790664642103621e+02,-5.250071494165783337e-01,-7.560368370877232347e-02
1.115183587422886546e+02,-4.470544889375746012e-01,-2.090033209918852261e-02
1.109686912154386391e+02,-9.457414798454372162e-01,-2.456753543468557788e-01
1.117499149719811129e+02,-1.266604688159036207e-01,1.720836049470738371e-01
1.118970192050914392e+02,4.476091526092047801e-02,2.608162982095141857e-01
1.115657548976832487e+02,-2.573865293175549573e-01,1.181868062555136295e-01
1.117268772305430531e+02,-6.743505114074042905e-02,2.180990499602384058e-01
1.115264934873038385e+02,-2.371150186158227091e-01,1.401856603308534177e-01
1.112226347088783314e+02,-5.009251130138382413e-01,2.110742469215639086e-02
1.114107217790858471e+02,-2.743626749895791694e-01,1.430609399312182672e-01
1.118248993815674766e+02,1.656530360387518941e-01,3.620229196366169244e-01
1.119790059384383056e+02,3.350409484964884665e-01,4.417893221456218322e-01
1.122421512265586472e+02,6.046921669106820607e-01,5.660295917856604797e-01
1.120200590640400691e+02,3.905273432588617921e-01,4.520375848740370572e-01
1.118104331110968843e+02,1.955976967981581383e-01,3.529926157558330169e-01
1.117332913400663728e+02,1.374555536043141069e-01,3.237476499993527379e-01
1.120145814682852148e+02,4.309124580675397498e-01,4.643152302771570983e-01
1.126334499615628886e+02,1.042953496345471631e+00,7.518067557414794821e-01
1.127415138090691187e+02,1.133035577936287064e+00,7.758415277390605658e-01
1.126067640381881887e+02,9.821607709213272530e-01,6.835152277994189784e-01
1.127164831857607368e+02,1.074096785993800873e+00,7.114334177731597153e-01
1.128164941724407697e+02,1.153432316598305807e+00,7.332272120477415500e-01
1.126755261734842151e+02,9.928827088581632099e-01,6.379301729714234037e-01
1.128944209453427590e+02,1.188955104123716966e+00,7.183865171133494432e-01
1.128654584090656243e+02,1.134416205007849676e+00,6.745134823452407780e-01
1.131867567178862828e+02,1.424329246060668686e+00,7.990072243458751222e-01
1.132528079921466144e+02,1.452752376099338383e+00,7.918816118642726387e-01
1.133132012122008092e+02,1.473359264297172233e+00,7.812044834916783698e-01
1.134847209892052859e+02,1.601099108463248877e+00,8.227867366360738233e-01
1.132910125254680338e+02,1.366371224559796094e+00,6.883163540512784451e-01
1.134609586333031928e+02,1.493667583598260684e+00,7.333213589285120237e-01
1.134978960068393263e+02,1.486937207233946845e+00,7.126137282586578747e-01
1.135337793484903557e+02,1.476464866847524204e+00,6.900052122593864912e-01
1.135614958362614573e+02,1.459539038637078123e+00,6.662180552935037525e-01
1.134680833235472193e+02,1.323632329442867350e+00,5.858765778295186299e-01
1.138500402777004581e+02,1.655528396129124502e+00,7.337349644132702409e-01
1.137347855749809895e+02,1.489368587330583305e+00,6.360011628033402920e-01
1.137399640447837612e+02,1.446863856405501192e+00,6.021007749324676084e-01
1.137443017703455439e+02,1.403198961140362577e+00,5.686839723884919984e-01
1.137443892031982102e+02,1.357036697803561731e+00,5.356311925596223267e-01
1.137423893589130302e+02,1.309891896801533617e+00,5.035945424455325892e-01
1.138561570081632226e+02,1.376688843811802565e+00,5.275838804757655431e-01
1.141958454782446779e+02,1.661087176436004675e+00,6.550735508481916325e-01
1.138046454497959132e+02,1.221100411203926761e+00,4.288514446963905824e-01
1.135529784124687467e+02,9.327078876217527181e-01,2.853029445812380049e-01
1.136675105516168571e+02,1.013060112201868757e+00,3.256267598163953281e-01
1.135385333070610017e+02,8.519002303299549883e-01,2.478836210809158280e-01
1.131790152359895814e+02,4.721385318829275368e-01,6.857733062979420868e-02
1.133116770615295366e+02,5.872463839188288848e-01,1.346881912438140927e-01
1.131990718890472891e+02,4.597010484469955527e-01,8.140322768712607293e-02
1.132108279188011437e+02,4.581270325725375070e-01,9.086649922325434892e-02
1.131038887476920820e+02,3.408839203227150838e-01,4.433907765228510545e-02
1.131198272663547471e+02,3.489771900185738573e-01,6.006102716936362329e-02
1.132519926900254177e+02,4.706589466825116252e-01,1.296624473776251396e-01
1.129054849668710574e+02,1.212084266646970693e-01,-2.983812436285779301e-02
1.131675869613705743e+02,3.790266251613036985e-01,1.089335267785927208e-01
1.130607958903406853e+02,2.678925505520227124e-01,6.467543817246193538e-02
1.133141703758756194e+02,5.125473416555129669e-01,1.930107576969211647e-01
1.130785268147035367e+02,2.730034740046027308e-01,8.412092016549588269e-02
1.129758561643374577e+02,1.713062544425142941e-01,4.537538739173430091e-02
1.127617484252151172e+02,-3.501557145618857531e-02,-4.208233295071044100e-02
1.129139477014298336e+02,1.246300610902525419e-01,5.015832642784470718e-02
1.127046013494863814e+02,-7.380750835820487632e-02,-3.360670093870901654e-02
1.127436824675873197e+02,-2.167833064818712463e-02,6.762923257546460398e-03
1.124278345671853288e+02,-3.172311003891158943e-01,-1.217627112942407941e-01
1.123679409403765987e+02,-3.515249858985876608e-01,-1.193909187701134716e-01
1.124309200840242084e+02,-2.635180548138003065e-01,-5.813025883528483151e-02
1.128440596774928935e+02,1.642514785553829126e-01,1.636459320270390871e-01
1.127617246877866677e+02,9.298032839404629657e-02,1.359710117651288241e-01
1.124501151000256840e+02,-1.990211190259018326e-01,3.697607050338506257e-03
1.122764396976926946e+02,-3.448814872784977115e-01,-5.253923535923120391e-02
1.123495968658051822e+02,-2.435380404340383442e-01,1.220677456054907253e-02
1.123029444896703524e+02,-2.628339179701488226e-01,1.626487283967038150e-02
1.123776797590492009e+02,-1.614907407489573343e-01,7.823593155218501460e-02
1.122141639720144184e+02,-2.961133124151256735e-01,2.404443823814760711e-02
1.124154734056951952e+02,-6.829424578227069609e-02,1.469706221646910616e-01
1.121339915911767946e+02,-3.200841200893794758e-01,3.335208270669606095e-02
1.118721344429427091e+02,-5.437256538439986242e-01,-6.180408822341235120e-02
1.116293030439226754e+02,-7.400972352137777932e-01,-1.398035934192465024e-01
1.117556903263208312e+02,-5.669615241682558482e-01,-3.670490121839553588e-02
1.115236036024700468e+02,-7.489851544877081935e-01,-1.087743100149195508e-01
1.117804809825378385e+02,-4.475727355366473925e-01,5.442227255817162074e-02
1.115528414100520109e+02,-6.283902249008188612e-01,-2.105937560383849827e-02
1.119291475198828465e+02,-2.118317629590695805e-01,1.935694262333500226e-01
1.120501361573282821e+02,-6.002355704635814471e-02,2.720951546451257363e-01
1.120475826623020907e+02,-3.394522569913750037e-02,2.867480524883475046e-01
1.120467811138712904e+02,-6.922121379027160182e-03,3.011828596109210610e-01
1.121656223853675698e+02,1.363468520139008988e-01,3.715595492503805386e-01
1.121604618356584382e+02,1.528102247123471480e-01,3.771219730964968653e-01
1.121569132879016735e+02,1.701974531205307228e-01,3.830359323528569893e-01
1.122721845235489297e+02,3.025894132509981405e-01,4.439308897939679976e-01
1.121465239092009369e+02,1.950960240012417912e-01,3.870280723675311729e-01
1.127358708135392504e+02,7.891750585133068263e-01,6.694826971422738193e-01
1.127008611257237760e+02,7.515648172402079608e-01,6.363408720995266110e-01
1.126670235164137353e+02,7.157748503535822371e-01,6.057407193766809472e-01
1.125180501242584512e+02,5.681871804078946209e-01,5.226006688775127751e-01
1.122609019243482606e+02,3.197459176513504087e-01,3.943518729448847737e-01
1.119023104738930527e+02,-1.884060644658020617e-02,2.285132109638965958e-01
1.116847585490488797e+02,-2.077486838054499463e-01,1.417035292173794148e-01
1.117167759465601478e+02,-1.450417808938430086e-01,1.792060192490400883e-01
1.116311790468339922e+02,-1.994447547787862873e-01,1.591982650927827592e-01
1.120233635196441213e+02,2.144936912776985449e-01,3.652174115119953268e-01
1.119222046651409954e+02,1.323061259059187811e-01,3.239393966917212819e-01
1.119457787252504346e+02,1.746837034444564396e-01,3.437659937863322135e-01
1.122037457655011252e+02,4.440696644488598688e-01,4.723191618065873398e-01
1.120944649199398242e+02,3.451723474394126079e-01,4.181403658791769673e-01
1.119922482693219905e+02,2.565674237633077115e-01,3.715213111486862507e-01
1.120147817043706340e+02,2.927794250634305762e-01,3.866594506650748442e-01
1.120363730794690298e+02,3.263431872497721820e-01,3.997276884149670861e-01
1.119398240417897199e+02,2.432962033946194647e-01,3.562986768320551278e-01
1.123209937289726952e+02,6.297179103934591460e-01,5.404913216593469905e-01
1.120898212026876735e+02,4.032247942360837611e-01,4.214674910474682790e-01
1.121091024782059975e+02,4.297312725736666117e-01,4.298789924383675798e-01
1.124802239978391754e+02,7.984136361324829512e-01,6.022386850571609385e-01
1.122411630983244351e+02,5.573326140581985610e-01,4.738561248547698557e-01
1.123688298109919970e+02,6.834872808262386634e-01,5.287894306325118254e-01
1.126066017673624771e+02,9.113133127522992094e-01,6.290476266425548690e-01
1.124764557529353368e+02,7.710685379519561788e-01,5.481611269191383196e-01
1.127065957074518536e+02,9.871020780902233227e-01,6.419963176033610663e-01
1.129233303215767279e+02,1.181302947099075240e+00,7.212084985160706063e-01
1.127699277301155263e+02,1.007017002536812145e+00,6.204993409406516225e-01
1.123905091985985365e+02,6.175769598640052926e-01,4.206892308841485573e-01
1.128593587557888043e+02,1.069018168525812440e+00,6.326715920947690863e-01
1.129419360944624913e+02,1.126990361057598200e+00,6.465747327101487585e-01
1.129023862013706889e+02,1.062807306022510057e+00,6.014310546097034749e-01
1.129818907130267291e+02,1.116746686143846867e+00,6.153358816084739669e-01
1.131734809472318659e+02,1.276899127313696036e+00,6.791998534350361938e-01
1.132322439307211681e+02,1.301602496768623496e+00,6.756777559568183378e-01
1.132867127161437821e+02,1.319866290911228868e+00,6.689237708402828719e-01
1.134539863429735647e+02,1.446710839073242605e+00,7.146805590713898315e-01
1.138424176721927381e+02,1.784843502684285488e+00,8.603839903984320525e-01
1.136186751887271953e+02,1.510331710143014261e+00,7.046241268374638933e-01
1.134026958418024122e+02,1.254344920123128260e+00,5.654103498420905982e-01
1.134351796468550617e+02,1.248494795361345444e+00,5.519522627191296715e-01
1.131099800002467362e+02,8.934680676686123091e-01,3.713388662932794460e-01
1.129211435385324762e+02,6.841377809316787628e-01,2.685872003942877395e-01
1.130958633964566786e+02,8.378970607561104789e-01,3.453700950455731999e-01
1.130232444038643962e+02,7.436947806296437813e-01,2.987270606073642032e-01
1.128356828506032770e+02,5.413780515480743905e-01,2.025484656625484714e-01
1.126593886202396391e+02,3.572369354147057474e-01,1.191586066172359848e-01
1.127282183888387124e+02,4.196338353208862726e-01,1.577511740158039910e-01
1.127929719318143356e+02,4.761271824108987971e-01,1.920387903353501513e-01
1.124998023816569628e+02,1.816193459207847416e-01,5.613360315554750263e-02
1.123421424000257218e+02,3.019884854908340063e-02,-5.421240835890257098e-03
1.123122005951949234e+02,9.986489292146885979e-03,-1.019358557418106187e-03
1.125197908516242080e+02,2.231455159101362606e-01,1.153128599223765816e-01
1.120090319254106532e+02,-2.721296318185780216e-01,-1.137125623312209566e-01
1.118836615102857195e+02,-3.725666326043124421e-01,-1.432424490265920836e-01
1.120018570644568001e+02,-2.311282193135639762e-01,-5.604841449385093016e-02
1.116431863081530480e+02,-5.584626185606215154e-01,-1.970310100826566102e-01
1.117798021707487663e+02,-3.897190295214714162e-01,-9.357923394991145283e-02
1.119095838634704450e+02,-2.330859776474668299e-01,-5.900265431124096516e-04
1.121500071753016670e+02,2.709453309658206577e-02,1.382833036057932175e-01
1.117887880698059320e+02,-3.091485271965626058e-01,-1.549653061256586750e-02
1.116861904147961155e+02,-3.796665521250854880e-01,-3.468823491785047453e-02
1.117096642542687732e+02,-3.243425630662626347e-01,7.240540330673530395e-03
1.119680492000159546e+02,-4.065676592730838035e-02,1.568141146340379100e-01
1.120947247726527252e+02,1.045532117443425252e-01,2.335205289131249973e-01
1.123320114646282093e+02,3.525432730322430319e-01,3.564549272530813107e-01
1.122025814082926161e+02,2.335224659575064199e-01,2.973934313263745799e-01
1.121991409112013542e+02,2.418689349513610809e-01,3.023570035753215812e-01
1.123142151428987745e+02,3.656593404579865370e-01,3.625363564253702431e-01
1.119524023324736390e+02,1.942122816687315984e-02,1.942044541923474976e-01
1.123199018426095108e+02,3.980812883262734303e-01,3.816945718728995129e-01
1.120759384545697515e+02,1.651703157011361889e-01,2.663607241229181133e-01
1.118479204990963609e+02,-4.239487748242944110e-02,1.686599431783547542e-01
1.119880745871191294e+02,1.152735621490513229e-01,2.504792609277721738e-01
1.122386672331084725e+02,3.766367857997031110e-01,3.789462226162160219e-01
1.122385183235455912e+02,3.830416299187638929e-01,3.788244091132289548e-01
1.121218376883178252e+02,2.758293593436241253e-01,3.246462859044495497e-01
1.122481095168672169e+02,4.097021718611399965e-01,3.887932634275153565e-01
1.123665392105959313e+02,5.307650289638574659e-01,4.438882535152143816e-01
1.125954980893815645e+02,7.551785314836554353e-01,5.463262065663103684e-01
1.124584826370889061e+02,6.135108189988953686e-01,4.681418075169768711e-01
1.124458743051683882e+02,5.983912093674598198e-01,4.546353428889093884e-01
1.125534441659633700e+02,7.004655601219775818e-01,4.975155502836714483e-01
1.124166998471896619e+02,5.602455174888202327e-01,4.225254273688141549e-01
1.124066739344070101e+02,5.484805163528930771e-01,4.124060979257524462e-01
1.126323523171430452e+02,7.669943109662458181e-01,5.133161532492431789e-01
1.127278019049981026e+02,8.496955074261393071e-01,5.443382298229877403e-01
1.125793654250492750e+02,6.912820922651882194e-01,4.585674044217654122e-01
1.124396533708180783e+02,5.468431694462213555e-01,3.832889352866747923e-01
1.125445717056902026e+02,6.458058692305779225e-01,4.277101694874688165e-01
1.121714513409324638e+02,2.747957540783934061e-01,2.450243096971389256e-01
1.122929230506127709e+02,4.000292307133426206e-01,3.084028235303292176e-01
1.122884701842160098e+02,3.980466572069303322e-01,3.082842884263864436e-01
1.122847971028629530e+02,3.966139818083415092e-01,3.079905388281983236e-01
1.123989951239651788e+02,5.104670317795823031e-01,3.632828668398857541e-01
1.126244444119060546e+02,7.285494521801573198e-01,4.660903933914111175e-01
1.125991873966174808e+02,6.938235818955027501e-01,4.430358489906756070e-01
1.126941927760492348e+02,7.771601230899339852e-01,4.775517510346490302e-01
1.124282264950218178e+02,5.052208688630618338e-01,3.402631393288285122e-01
1.122970184877557074e+02,3.749548319500635718e-01,2.774872050445950644e-01
1.121736869563863479e+02,2.567487245338359036e-01,2.226298334738322504e-01
1.121753930853550543e+02,2.650750734052775837e-01,2.309881168573235111e-01
1.120600016096263118e+02,1.589773760353344334e-01,1.839307962582051315e-01
1.121873717079575243e+02,2.940832429590864994e-01,2.548952753404846727e-01
1.125427738695983919e+02,6.469049914583854255e-01,4.271703841727400586e-01
1.127605728654253170e+02,8.518890537090517689e-01,5.205800231183984605e-01
1.130786971977771884e+02,1.148455576211393714e+00,6.551289105491912013e-01
1.130238483489823551e+02,1.068767499074618099e+00,6.024287900377096605e-01
1.129716021503452197e+02,9.936251045909421098e-01,5.540476184884136623e-01
1.126865562728829389e+02,6.931411408023295806e-01,3.993336585107464254e-01
1.124172226474217524e+02,4.190634891492576730e-01,2.642643946311735159e-01
1.126351606327048103e+02,6.303929351078948473e-01,3.680724079088583678e-01
1.128393089651471115e+02,8.207120377432668423e-01,4.574856385493886179e-01
1.130312572233822266e+02,9.915192204791620778e-01,5.334213690131981433e-01
1.127375659689665497e+02,6.825271640927710326e-01,3.760622274821137090e-01
1.128152570501139138e+02,7.463861411990324601e-01,4.041757669581938495e-01
1.128875009798100137e+02,8.025398700336944247e-01,4.275125356401828225e-01
1.130714929467949901e+02,9.657751589199135012e-01,5.014270248101990735e-01
1.132439848199427672e+02,1.110910407889896812e+00,5.630803585480262941e-01
1.129330307146636443e+02,7.786255901251623035e-01,3.928427732028243469e-01
1.131105341013511350e+02,9.350910922511831425e-01,4.648437430888329169e-01
1.129236423475712030e+02,7.295302574257164219e-01,3.596414000069647621e-01
1.130997572157265409e+02,8.857590303792928221e-01,4.327842373182559377e-01
1.132628854491388211e+02,1.024191868368979241e+00,4.947189052079875027e-01
1.131817499501789968e+02,9.182349864123149352e-01,4.366505185126757782e-01
1.131037174589489069e+02,8.185857884361831260e-01,3.837493988193963479e-01
1.133808234414005938e+02,1.069786173116738848e+00,5.019161727034789910e-01
1.136410104025379155e+02,1.294009980647319091e+00,6.015089421188170027e-01
1.135292969169673540e+02,1.147051080121466837e+00,5.187997729348141629e-01
1.133043889991343747e+02,8.946587336378923894e-01,3.890022736248264223e-01
1.132106192786219481e+02,7.791620295241575844e-01,3.309253978616322200e-01
1.131206947282512942e+02,6.713788214676376098e-01,2.786175145761171645e-01
1.133883277087520867e+02,9.165997432863424166e-01,3.982539893870261638e-01
1.130506709847518181e+02,5.615177008073340970e-01,2.241756737144430245e-01
1.129670572906086505e+02,4.681207545993700814e-01,1.835610851801644239e-01
1.127708492251876322e+02,2.682998537898665381e-01,9.351192250453627119e-02
1.128215647938729234e+02,3.169390562320782423e-01,1.264382923485166677e-01
1.126339208770791913e+02,1.316472497362901062e-01,4.579118765551434822e-02
1.124576651140617400e+02,-3.490350708606293484e-02,-2.221238184734970408e-02
1.122926930629819680e+02,-1.838723443489748699e-01,-7.906554775978416605e-02
1.122562850388641209e+02,-2.010727664039001494e-01,-7.016177476539101066e-02
1.123407979464953286e+02,-9.875528396746870163e-02,-4.232979884816544247e-03
1.124210155320999149e+02,-3.527070481233185451e-03,5.545109878471233406e-02
1.124969956183242346e+02,8.464222253231695747e-02,1.091833590889776939e-01
1.123338992053809164e+02,-6.320565046141467247e-02,4.717391232197130913e-02
1.126520500270490857e+02,2.646937449927559971e-01,2.163630819265057736e-01
1.125979968125676862e+02,2.175472546708550614e-01,1.980023656685165889e-01
1.127830311195232014e+02,4.059777110021774438e-01,2.938847444901308559e-01
1.128392349437180258e+02,4.618079779214910308e-01,3.217602654620860259e-01
1.127744972951712725e+02,3.975259669494872750e-01,2.906888298965490947e-01
1.127135620839473376e+02,3.393872440486087050e-01,2.639785611084740080e-01
1.124214599156195078e+02,5.775362434161632197e-02,1.308665811719456618e-01
1.122650963690127810e+02,-8.081885656445216004e-02,7.238866411468361517e-02
1.124724908815337159e+02,1.412132257469370933e-01,1.897171062081094428e-01
1.126679917525215018e+02,3.438981396383642419e-01,2.924421001356034000e-01
1.124987976713054252e+02,1.835365860159843543e-01,2.166080062539855189e-01
1.123403753998734800e+02,3.952768155251352999e-02,1.519018453083646747e-01
1.125455485869065910e+02,2.562223889856444226e-01,2.632530360059891494e-01
1.122680759713204282e+02,-5.984497910408451832e-03,1.395990746810299166e-01
1.121262125679265154e+02,-1.259797782090016083e-01,8.981079188121401935e-02
1.122293133628333806e+02,-1.698791702367998674e-03,1.587269332709286829e-01
1.122097434434435570e+02,-2.065959000843945598e-03,1.658200773738000566e-01
1.118397042156505137e+02,-3.437614323166179320e-01,8.299437584289269532e-03
1.118466960904020056e+02,-3.042980615960026447e-01,4.076746832738799287e-02
1.118551311628580720e+02,-2.633095637801306510e-01,7.321299316900402310e-02
1.119823921411445440e+02,-1.084207268886659969e-01,1.582447481255171706e-01
1.117506006718304405e+02,-3.089376344439078714e-01,6.895996610827331841e-02
1.117698448157866125e+02,-2.565050036849949588e-01,1.051688416851027374e-01
1.114362845348299800e+02,-5.493594212329284687e-01,-2.621895367570912377e-02
1.114791527549083696e+02,-4.645358597759027264e-01,2.940248488858900056e-02
1.114029572786944300e+02,-4.972122192182795719e-01,2.618142334309615793e-02
1.115701748929150625e+02,-2.918895475109512527e-01,1.373593982512445744e-01
1.113757661055660151e+02,-4.453200244268580299e-01,7.154808821989359913e-02
1.111957637619391051e+02,-5.790124217427359277e-01,1.808927862794864477e-02
1.110287419072082571e+02,-6.943216821716070575e-01,-2.447639125349889561e-02
1.112285097421896012e+02,-4.470635168498293122e-01,1.092642461877501303e-01
1.109479578463434706e+02,-6.770572240528685004e-01,7.776695727277866538e-03
1.113925201121055721e+02,-1.894876510668714875e-01,2.552800343864439769e-01
1.116948680630592321e+02,1.406933813767138330e-01,4.165463696846025132e-01
1.120985024033722937e+02,5.584072140962847985e-01,6.127082358980713295e-01
1.120068727594562716e+02,4.766612682742718543e-01,5.607494595275447358e-01
1.121566138889103286e+02,6.329319185007006299e-01,6.255564024143089874e-01
1.126514714093967626e+02,1.119721836355117572e+00,8.459221463932978802e-01
1.122907616276258267e+02,7.521763593951995563e-01,6.460107340920795416e-01
1.124235002979008158e+02,8.792233095421750910e-01,6.928043146623912296e-01
1.124301312043934189e+02,8.777331721514849416e-01,6.758539042558426857e-01
1.129060211790893788e+02,1.333968810751069212e+00,8.800400455560926094e-01
1.126465533448549792e+02,1.054114339480961338e+00,7.211234081321082900e-01
1.129891623172635633e+02,1.371655131978851028e+00,8.566011991621240718e-01
1.129579864756432244e+02,1.311094484844926411e+00,8.040645806528267103e-01
1.130454140653537962e+02,1.367236397797324754e+00,8.098292964231719182e-01
1.128886238044827621e+02,1.182540458469255817e+00,7.001568281017175321e-01
1.130928644356947217e+02,1.356028801933652161e+00,7.672008455289098805e-01
1.130495777660058252e+02,1.280086978890520255e+00,7.113096149124735756e-01
1.131234538819551716e+02,1.320843369695906322e+00,7.141265782556862618e-01
1.134269382616162289e+02,1.583227360548983276e+00,8.232821414132390769e-01
1.132383145670184490e+02,1.354576619503352175e+00,6.915643534559019479e-01
1.131783437905841510e+02,1.258333719212594515e+00,6.290264746319769174e-01
1.132356031664148333e+02,1.280264174036264135e+00,6.263590639580715047e-01
1.128178125764504927e+02,8.365014996140593961e-01,3.997711534361609309e-01
1.128947856837371972e+02,8.915211697503824251e-01,4.226771989494652049e-01
1.124958327393268718e+02,4.792062306748909317e-01,2.197753369582887972e-01
1.125906545715177458e+02,5.646607628287254599e-01,2.652449440918873691e-01
1.127969352726359347e+02,7.557391798692820739e-01,3.593144560444446745e-01
1.131086602893098529e+02,1.042934405513171736e+00,4.960053982929625294e-01
1.130440492802250532e+02,9.528066395194539906e-01,4.454813905768231219e-01
1.133401837318621688e+02,1.214932365246304879e+00,5.650262049586574076e-01
1.136085913328316366e+02,1.444209397055327582e+00,6.654708468604981775e-01
1.133922874587764653e+02,1.188987515211913815e+00,5.278416184924538124e-01
1.135407657248990461e+02,1.297864163216091216e+00,5.708071832491758979e-01
1.136760523969028753e+02,1.390615524436130013e+00,6.047370353930887621e-01
1.136835685915173713e+02,1.354092968494585714e+00,5.746956458372005638e-01
1.133353888792679953e+02,9.715450605907851589e-01,3.800490692079365740e-01
1.132421203836525478e+02,8.511193122060746186e-01,3.195241151043805017e-01
1.131532353195543408e+02,7.388242237131217305e-01,2.651858704539419853e-01
1.131858030603834777e+02,7.500088016155491699e-01,2.731332705842777764e-01
1.129804708936776905e+02,5.281114454799928914e-01,1.685087478868221300e-01
1.124329237842151770e+02,-1.926116512954914595e-02,-8.779889296556783740e-02
1.122720841377661571e+02,-1.684920764549276140e-01,-1.419962929482185277e-01
1.123571754898321586e+02,-7.111565317888701721e-02,-7.514254433848584214e-02
1.126732957357416609e+02,2.494196845801396334e-01,9.624910461253338712e-02
1.127343926832009799e+02,3.094965700362447558e-01,1.345639995854034099e-01
1.125562262611229158e+02,1.343955992437859126e-01,5.836882951046851176e-02
1.125067925396607507e+02,9.190776951561308028e-02,4.918626239592040206e-02
1.124608178364386220e+02,5.489833181512610016e-02,4.302018607974591319e-02
1.123004670894619608e+02,-9.179484780917779307e-02,-1.557687005852606554e-02
1.126211371741273553e+02,2.371081298701637197e-01,1.568544582101112084e-01
1.124519846075087486e+02,7.639959614026976820e-02,8.661885773733214722e-02
1.121760299415702775e+02,-1.821047543650664846e-01,-2.745648153803447594e-02
1.121534640244113774e+02,-1.832188569753830931e-01,-1.282613520833687099e-02
1.120156504594550739e+02,-2.961670791816132242e-01,-5.281501884200595631e-02
1.121226022995654006e+02,-1.647742548262484397e-01,2.661969457256526880e-02
1.122244446868862440e+02,-4.279915015894936170e-02,9.782612238458693321e-02
1.123211240188756506e+02,7.020757475706712603e-02,1.618075283766453598e-01
1.124126508569412835e+02,1.743988835803972071e-01,2.184383321531879196e-01
1.124990605904328760e+02,2.701037456431045203e-01,2.688027044891073136e-01
1.124633492241624566e+02,2.434834152359005022e-01,2.584145813844553330e-01
1.126651046290356533e+02,4.489368677134534802e-01,3.588363018462260579e-01
1.126200655957837569e+02,4.066139554776553311e-01,3.367589767446538818e-01
1.126949014463606034e+02,4.829571633702802735e-01,3.729362605944636089e-01
1.127658775117226213e+02,5.521516726848002543e-01,4.033998797219052190e-01
1.131849828284888844e+02,9.590114057230817446e-01,5.954200715356708917e-01
1.131070571941090463e+02,8.651283444314602500e-01,5.382466803570977731e-01
1.129155275913001333e+02,6.635290441273666850e-01,4.321334511798065603e-01
1.127357649507385275e+02,4.802437244951608952e-01,3.392447963095008845e-01
1.124490793500312833e+02,1.990434416115505756e-01,2.031973723452329961e-01
1.125329702366810523e+02,2.900142417281191265e-01,2.518362389741700125e-01
1.127298270374372038e+02,4.882390337944053638e-01,3.500501226402492061e-01
1.125617959551710214e+02,3.229687446927916317e-01,2.692884313226169279e-01
1.127568416515501468e+02,5.182502513439157799e-01,3.653138578839429385e-01
1.125870513626371405e+02,3.503379877151955313e-01,2.828074924200752460e-01
1.126638081596777141e+02,4.290547596772463224e-01,3.220835797562755509e-01
1.127351519982189103e+02,4.998435429660851304e-01,3.561500157486755525e-01
1.124491969878404518e+02,2.189910830894828131e-01,2.194803487045932644e-01
1.125340410101006938e+02,3.103940758811833400e-01,2.675684656136987360e-01
1.128494017507377265e+02,6.238628785482946970e-01,4.205400028708766724e-01
1.126748163879201314e+02,4.475333677299855317e-01,3.315260456900869235e-01
1.129812655330186146e+02,7.468521892120094652e-01,4.746087611520410365e-01
1.130331461019386268e+02,7.865786644446116638e-01,4.868247987773335894e-01
1.130814527005841654e+02,8.208959583016802730e-01,4.958406692547058792e-01
1.130078185227787486e+02,7.349424625157796598e-01,4.470319598784319171e-01
1.131739230290362741e+02,8.861518089346870353e-01,5.147839041948732985e-01
1.130945465744889304e+02,7.910943954383283794e-01,4.605378569000396216e-01
1.134877441035131369e+02,1.161055264760415984e+00,6.323771922878909102e-01
1.131517953352862662e+02,8.047084122508693094e-01,4.476015954509929839e-01
1.130702826296037813e+02,7.091012130136553626e-01,3.959091715410959500e-01
1.124037843953167624e+02,4.602455428055668429e-02,7.405343229832352103e-02
1.128374540711933918e+02,4.814840872386160764e-01,2.940068913098647929e-01
1.130095126914529544e+02,6.458316308630572822e-01,3.741046874553728974e-01
1.129356707527680470e+02,5.638055165910325073e-01,3.321341295966738771e-01
1.131007743954249776e+02,7.182095067481084616e-01,4.057408921591972861e-01
1.131371725784038347e+02,7.413061798437300398e-01,4.131301409282712722e-01
1.127004095736373586e+02,3.010301654758310019e-01,1.972388043598941876e-01
1.128783408372671460e+02,4.773100396642924736e-01,2.872141061925644334e-01
1.126923201052844945e+02,2.919632239239859928e-01,1.995024231190385966e-01
1.129886049895789455e+02,5.844382793306457380e-01,3.452505097028986669e-01
1.129131503905729090e+02,5.034309169938756545e-01,3.051956730354297709e-01
1.130767821747865156e+02,6.587872100168021827e-01,3.803796160293382855e-01
1.132312464982279607e+02,7.998464107766559694e-01,4.461380738678362157e-01
1.132573833925091549e+02,8.097350366316121706e-01,4.453031899658913551e-01
1.133981603127676578e+02,9.312345156678909497e-01,4.983961302557831652e-01
1.136493072049030815e+02,1.154635229340616576e+00,5.976027278960176492e-01
1.134098497378596875e+02,8.914260108545719596e-01,4.591703304165857813e-01
1.129489281245953407e+02,4.210617020995454096e-01,2.271263166418053259e-01
1.129869699995046801e+02,4.548516080451425192e-01,2.472959271142874116e-01
1.130229438355231935e+02,4.853241503957685388e-01,2.648788473684948186e-01
1.127022253694824627e+02,1.671781053313524668e-01,1.145736766505264653e-01
1.125197973516538497e+02,-4.213753552208467090e-03,4.116894136399622262e-02
1.121136718823536711e+02,-3.869200026071661913e-01,-1.304292385759887596e-01
1.123217639495839819e+02,-1.560042073789054684e-01,-6.159446399938220407e-04
1.122833794815664419e+02,-1.729426373681878237e-01,5.130004400767145673e-03
1.126009878150243821e+02,1.590445902860866401e-01,1.781182324061147682e-01
1.123116015716982474e+02,-1.129616912915295396e-01,5.356183599711235310e-02
1.125116573811164358e+02,1.026888735469261987e-01,1.685431224032182818e-01
1.121125087203709541e+02,-2.737558105503346551e-01,-5.977701443984982654e-03
1.120915278089881895e+02,-2.664650428419600980e-01,1.165487891167736600e-02
1.123088220447081653e+02,-2.593085037489394756e-02,1.407157314977592055e-01
1.123963342064697457e+02,7.925451992306185856e-02,1.992716195163911630e-01
1.121263767380511069e+02,-1.678187029120048190e-01,8.562870276183494334e-02
1.118738123726280946e+02,-3.887174006150774797e-01,-1.059415212773386072e-02
1.119921124644396428e+02,-2.391390254872275412e-01,7.547854660983098485e-02
1.122221828921551321e+02,1.514620549954544433e-02,2.082451355148039474e-01
1.122041495523439778e+02,1.822653841811741615e-02,2.144494865929249816e-01
1.124233907824300331e+02,2.527188606179501806e-01,3.313963270648866977e-01
1.127480550601615761e+02,5.819166172220832101e-01,4.888910749792607091e-01
1.129358092193657797e+02,7.651319031339008925e-01,5.693968313279444970e-01
1.131107637206061014e+02,9.289376472626343917e-01,6.374608305811291231e-01
1.129224112926316508e+02,7.313186827998522377e-01,5.287700573464361176e-01
1.128627775293666531e+02,6.658552650791360605e-01,4.880896339791954142e-01
1.126878886739480663e+02,4.901395702312484337e-01,3.966022354492433899e-01
1.122900734978190798e+02,1.034061582680005920e-01,2.079400690082678915e-01
1.125044050830476152e+02,3.278671359792070805e-01,3.208445394934079653e-01
1.125891416679750421e+02,4.176634789351746369e-01,3.636660848413525438e-01
1.125509599966895991e+02,3.841311527470159803e-01,3.454969048960798150e-01
1.125148027163208297e+02,3.537868644905078352e-01,3.299134148282869550e-01
1.122462397071914211e+02,9.742990328634686115e-02,2.059687353228761286e-01
1.125837063844688686e+02,4.424275915843632334e-01,3.766139395202607876e-01
1.126648235172223167e+02,5.245682646693965445e-01,4.136634619791202394e-01
1.129768084861194097e+02,8.289031718185629893e-01,5.558352546327702814e-01
1.130337692608165270e+02,8.727235472277704575e-01,5.666082155649586616e-01
1.129695164930561617e+02,7.958134127779666889e-01,5.186831994733537288e-01
1.132614232469540241e+02,1.069218827039175812e+00,6.415015079088121075e-01
1.130630387436958841e+02,8.535899384001679469e-01,5.241958931202070904e-01
1.129928028893152003e+02,7.706973927077382935e-01,4.759314787625321119e-01
1.130450929523663604e+02,8.091462290892301734e-01,4.872131589034133792e-01
1.126227496933176866e+02,3.827530988844438653e-01,2.749101275014631529e-01
1.124613789084816631e+02,2.267984305952664148e-01,2.020210539173740716e-01
1.126632829247575103e+02,4.312619217542658645e-01,3.053271718850165684e-01
1.128535449057235809e+02,6.168946061514286594e-01,3.950389672209702052e-01
1.126771568405519162e+02,4.382705433662780758e-01,3.063236070754475904e-01
1.128658830163191311e+02,6.211436743490181822e-01,3.936192793113480470e-01
1.126886533926011964e+02,4.411862561038711328e-01,3.041650179585976277e-01
1.128750785602458109e+02,6.226471964085937838e-01,3.920859733443857187e-01
1.124628723646248716e+02,2.126775423669095555e-01,1.917214210097742122e-01
1.124282397382035867e+02,1.865362388244291569e-01,1.846437574232787371e-01
1.121610228352569152e+02,-6.534196194565108917e-02,6.955229957762083803e-02
1.122638918388116878e+02,5.371950285000157144e-02,1.376210560372558567e-01
1.121260616264826666e+02,-6.623079382912752666e-02,8.764548074248025566e-02
1.122328898724193778e+02,5.769194784641199641e-02,1.572648530540287359e-01
1.120987860683526378e+02,-5.769077266893998801e-02,1.087303754509967857e-01
1.124448818606363147e+02,3.004013411186604032e-01,2.899624750357640002e-01
1.126517812623039134e+02,5.095984993233863003e-01,3.917310204630473636e-01
1.127302834657057105e+02,5.861980942569804398e-01,4.258598437872565534e-01
1.130376058936948880e+02,8.828290721851862477e-01,5.637462149708866166e-01
1.128548067156225301e+02,6.897488259839410496e-01,4.603837976265972576e-01
1.126836780668962632e+02,5.146091197786505367e-01,3.700912908343793606e-01
1.129939223090127740e+02,8.155125400974246874e-01,5.123596517417364771e-01
1.130480059197269753e+02,8.551424015783878341e-01,5.229518819284978415e-01
1.132163518934114137e+02,1.004597126202697144e+00,5.861417626367457778e-01
1.130196433159685370e+02,7.916091195380504653e-01,4.722827503084462419e-01
1.130693505924479751e+02,8.267619959243457384e-01,4.827981784167930113e-01
1.128815584349938490e+02,6.276735468026081177e-01,3.798012553464820695e-01
1.128202333056671876e+02,5.598419592393445443e-01,3.447994758233934309e-01
1.127631972236430045e+02,4.983089341741659961e-01,3.141261449723050103e-01
1.129450335705254247e+02,6.721174011527515368e-01,3.978550582684586279e-01
1.129972263166207256e+02,7.129925552052965854e-01,4.140849765501213864e-01
1.128102017109391966e+02,5.186946614280613099e-01,3.165840498589749807e-01
1.126349470527787275e+02,3.427454505085741343e-01,2.320681124378374260e-01
1.127052888541925597e+02,4.128451658737528618e-01,2.691387660509071411e-01
1.123007283381231645e+02,1.728318785888302567e-02,8.131771544798707674e-02
1.125096241531038288e+02,2.353941552788119118e-01,1.964838722604017318e-01
1.124712064181752709e+02,2.045814256498406647e-01,1.871302364309119781e-01
1.123173968757406982e+02,6.222938878570174331e-02,1.243211974590454766e-01
1.122913365971725170e+02,5.008607812792664760e-02,1.265806762610592329e-01
1.121500425791517443e+02,-7.355370834536426039e-02,7.529817253584975001e-02
1.120184128715187200e+02,-1.827217147017298482e-01,3.333251955643335568e-02
1.120142707543162430e+02,-1.623424738409877111e-01,5.619695120956298001e-02
1.122461481606508755e+02,8.787796177583634405e-02,1.875607555910064617e-01
1.121121438561609693e+02,-2.792145125680106990e-02,1.376019605931136092e-01
1.122225233317258386e+02,9.964243799550143166e-02,2.068008299604746636e-01
1.124447526672376654e+02,3.320878636437077369e-01,3.233653244853509356e-01
1.123010489454563299e+02,1.987757925068490972e-01,2.590510447198068333e-01
1.126374485888776462e+02,5.393244701448957068e-01,4.254701846995124770e-01
1.123649794370842585e+02,2.728768764844722861e-01,2.930491064912799093e-01
1.124627313712906869e+02,3.773876153625228547e-01,3.442357682796425844e-01
1.125552007942779227e+02,4.730829620295016191e-01,3.892239253937814225e-01
1.127589311395278742e+02,6.737410044939892151e-01,4.827300541794021238e-01
