1.000000007854296435e-01,1.167771007857570150e-07,1.157508247691695710e-05
9.999998996034520360e-02,-7.992987208836149564e-07,-4.528239431753271844e-05
1.000000018775974164e-01,1.547440716772102819e-06,8.295169182880787740e-05
9.999838430291119185e-02,-3.272996922096755364e-05,-4.838592848886829603e-04
9.998965319054280154e-02,-1.471768597205380886e-04,-1.316653365198232426e-03
9.996462181985915629e-02,-3.773339775314621218e-04,-2.420638542093233279e-03
9.996070719986356601e-02,-2.968038589469603221e-04,-9.257436445028162722e-04
9.995261555338996740e-02,-2.538710056283431920e-04,-3.475371625614633985e-04
9.995140219946774263e-02,-1.592319780328309590e-04,2.673083064656487122e-04
9.989422651958952681e-02,-3.970796232170776597e-04,-5.884248805681140202e-04
9.988179519913192861e-02,-3.228936290665947542e-04,1.977593360171772327e-05
1.004651233411010813e-01,2.580809099832928697e-03,9.528326242209578939e-03
1.006169964594197386e-01,3.141423314872052001e-03,9.822281983245586059e-03
1.007706038708392482e-01,3.628625362317545663e-03,9.979088784269826706e-03
1.009060383745759432e-01,4.008802599323573086e-03,1.000973231749081351e-02
1.007047447951941177e-01,3.238429456404529321e-03,7.540401559116318743e-03
1.006564124320528664e-01,3.146069613461382856e-03,7.279470571787769601e-03
1.000754627190511142e-01,1.579399054548575720e-03,4.270249127634497856e-03
1.001513551964842152e-01,2.216071953324752486e-03,6.360842803644673610e-03
1.006487014868297641e-01,4.148096652228414061e-03,1.090795395357588120e-02
9.811381725415256605e-02,-1.715544790630287638e-03,1.078624940212518334e-03
1.037016905330966354e-01,1.328195993563483293e-02,2.897953372498412658e-02
1.140325086901230467e-01,3.866127142904798863e-02,7.093334803293684099e-02
1.277012871572812125e-01,7.003123440072422934e-02,1.177700280965608831e-01
1.492756693960831660e-01,1.170195935721448088e-01,1.843822106308420361e-01
1.781707822989019030e-01,1.769234649902151069e-01,2.641289663202839311e-01
2.067480426181167730e-01,2.329091709387040021e-01,3.307970895494140029e-01
2.357143438763065202e-01,2.866100926038374075e-01,3.883146391403406450e-01
2.542258862890961479e-01,3.168934942755876061e-01,4.081291813671119595e-01
2.603005996219174834e-01,3.200478338778919296e-01,3.862826461138372247e-01
2.772242602901328623e-01,3.439610335376861450e-01,3.973235218039964933e-01
2.832512011227045767e-01,3.445311911027675311e-01,3.735325361598521576e-01
2.782866437867678733e-01,3.216645519596225689e-01,3.169358350363780108e-01
2.699757097436233377e-01,2.904194440442676162e-01,2.512478369467818773e-01
2.625959902230912135e-01,2.593589578852130151e-01,1.895522054524648725e-01
2.695431474248105586e-01,2.560193488339265189e-01,1.723240476473119065e-01
2.645118873174082674e-01,2.260165600832430843e-01,1.157268069828552848e-01
2.607739708879129870e-01,1.964266690438961349e-01,6.239731003065844550e-02
2.649518364293391715e-01,1.817884558010766094e-01,3.410410177897749140e-02
2.688982309244853375e-01,1.650645697596654082e-01,4.095569829738032047e-03
2.708331968097036357e-01,1.435624673628734527e-01,-3.097857697342866132e-02
2.693729793283950458e-01,1.144073378430654486e-01,-7.450305629190512313e-02
2.835368065745007549e-01,1.222337654319601147e-01,-5.881013397753753064e-02
2.850919232026395966e-01,1.016562697697821066e-01,-8.605616521798274687e-02
2.862971972487520778e-01,8.178714586868207626e-02,-1.094069429809542554e-01
2.917563330304649982e-01,7.226121254084491574e-02,-1.155144235542588660e-01
2.942790335020210035e-01,5.766105023650302391e-02,-1.282538623109263087e-01
2.992877462671014177e-01,4.973167477970169559e-02,-1.304641578371355803e-01
3.059214559083366924e-01,4.634768203632685241e-02,-1.258823334202052169e-01
3.161555230190412069e-01,5.269653103910568875e-02,-1.080720314283303840e-01
3.195157408667052557e-01,4.279001007437011062e-02,-1.145054050276360508e-01
3.200043906849502906e-01,2.625823417000780480e-02,-1.304795072914717580e-01
3.211716359220437855e-01,1.217899463390547700e-02,-1.422100708239616984e-01
3.205837366639816000e-01,-6.286321652459852735e-03,-1.597857200366082642e-01
3.163416341416448452e-01,-3.242145391010111538e-02,-1.867632522758814195e-01
3.134844093707262469e-01,-5.414548833727311772e-02,-2.056112913026497124e-01
3.152491328769215229e-01,-6.199740702147613775e-02,-2.034731325330496055e-01
3.123341082745876851e-01,-8.110492090552819111e-02,-2.180266471612769263e-01
3.122022441945971893e-01,-9.257450115495455267e-02,-2.213491423328407814e-01
3.102967792788718926e-01,-1.066596494186324018e-01,-2.280255297055721053e-01
3.072365296776173871e-01,-1.227977634877489288e-01,-2.375010694652561205e-01
3.049768907269246876e-01,-1.360366560252152524e-01,-2.428318311162785126e-01
3.039148304349101326e-01,-1.444956404190915200e-01,-2.411564464480602243e-01
2.983020832054991134e-01,-1.642366023589071911e-01,-2.561002919022615787e-01
2.957189494031791654e-01,-1.744403855803408343e-01,-2.567731556299984175e-01
2.975090403695725971e-01,-1.722385306988636067e-01,-2.402957592831597433e-01
2.996740316438281093e-01,-1.689832829160367866e-01,-2.242427656380556744e-01
3.038305446177376745e-01,-1.602352534044532151e-01,-2.018997311502575831e-01
3.071825256397785475e-01,-1.532671820657103279e-01,-1.839585717865891146e-01
3.070879158301351164e-01,-1.553020056171652841e-01,-1.801531702888046205e-01
3.037901463320043516e-01,-1.647161996703907783e-01,-1.866302362322951602e-01
3.068886591108984097e-01,-1.584375572811794475e-01,-1.721451117594419156e-01
3.064010162717486496e-01,-1.599799353068521168e-01,-1.686513852529026858e-01
3.094045455605473616e-01,-1.547251398990663607e-01,-1.576764986843187111e-01
3.137558759669432096e-01,-1.435594637006648855e-01,-1.378565140220011365e-01
3.194613827715332421e-01,-1.293618910393963262e-01,-1.154678217804980950e-01
3.225160642762253116e-01,-1.221341095471845384e-01,-1.042053152678859701e-01
3.299412711685891231e-01,-1.045404944521954038e-01,-7.973114013672624734e-02
3.319848987923801897e-01,-9.983005401799609213e-02,-7.391959457925423305e-02
3.367741118442370563e-01,-9.084172399436535317e-02,-6.408532779869592633e-02
3.392698447594855726e-01,-8.874306489859906666e-02,-6.476577089408760979e-02
3.407051816195696969e-01,-8.787152139431146647e-02,-6.599197682703084045e-02
3.441830522070984388e-01,-8.357095908195918965e-02,-6.328965494977832618e-02
3.479959802441766614e-01,-7.909451193309421924e-02,-6.066202646377893970e-02
3.500336012446248479e-01,-7.809843791271141311e-02,-6.210868317287439322e-02
3.537392539895795607e-01,-7.402656632144347104e-02,-5.973115428077471062e-02
3.567144516169754032e-01,-7.234696479662378055e-02,-6.088535739523540796e-02
3.607628930933609590e-01,-6.679798093072791820e-02,-5.567618215013941940e-02
3.656144381261378640e-01,-5.906760490971296740e-02,-4.745075476049652463e-02
3.711608778351099258e-01,-4.930837491380146709e-02,-3.651749793312077108e-02
3.740412267247845701e-01,-4.682060208827674985e-02,-3.634492360383258236e-02
3.769278508017865348e-01,-4.447358592164138424e-02,-3.624264441294937356e-02
3.841616628414965540e-01,-3.045110507324180760e-02,-1.935617486038612375e-02
3.836327442826046874e-01,-3.634861160839206184e-02,-3.087767633258434175e-02
3.866263873811544571e-01,-3.287658088188223637e-02,-2.834312063275676308e-02
3.879908178429540277e-01,-3.266873544152953945e-02,-2.976394569914785071e-02
3.903251258006967817e-01,-3.153345027665657718e-02,-3.063868840065921834e-02
3.929076109512675274e-01,-2.879458026184391478e-02,-2.849561255744435459e-02
3.937874126122850593e-01,-3.083074986668474932e-02,-3.321098895528015738e-02
3.962045775689513327e-01,-2.842598142950626683e-02,-3.107275894013331041e-02
3.996609715259440421e-01,-2.353463941726930894e-02,-2.563296356208746851e-02
4.046200868553859187e-01,-1.568602378430946492e-02,-1.682029893393324760e-02
4.081007683891382243e-01,-1.241312273123395399e-02,-1.513980559578699189e-02
4.142166235545990394e-01,-6.726354041386474469e-04,-5.898682158362988232e-04
4.140814739040755144e-01,-5.790879661115777219e-03,-1.054966353103170898e-02
4.205465937390787667e-01,6.092348269217590095e-03,3.817133231354435940e-03
4.278689838076964458e-01,2.021279266978639327e-02,2.072209138468603801e-02
4.334726901456343318e-01,2.947066427971989366e-02,2.991319562994734088e-02
4.349874901511068259e-01,2.843090828882124249e-02,2.472022650914933173e-02
4.373685494700371712e-01,2.958229269303799813e-02,2.307764423308444890e-02
4.409402879215240656e-01,3.329439101648869886e-02,2.500141875385618676e-02
4.400264715790010439e-01,2.632773384316065834e-02,1.275456086443811816e-02
4.412918970160553678e-01,2.444446755357705323e-02,8.067138930046804934e-03
4.435350965248577859e-01,2.493053387932318843e-02,6.991338398349375774e-03
4.441538483392326042e-01,2.071154578557966863e-02,-7.561038660293560240e-04
4.477183647805594302e-01,2.538320129666735842e-02,5.106811979123763133e-03
4.513673024560792002e-01,3.006263937557383456e-02,1.066031138761552519e-02
4.569036090760137947e-01,3.960556215965130994e-02,2.272115633264087942e-02
4.604063480392868168e-01,4.256290847806201705e-02,2.427732424618357296e-02
4.631729819398639481e-01,4.317770062082475907e-02,2.239910940220814217e-02
4.692330477758581697e-01,5.147587284931993273e-02,3.101514873601213945e-02
4.716364646340898137e-01,5.143192235366818993e-02,2.843778615428277368e-02
4.763747922951700464e-01,5.663545196995374564e-02,3.299527929256727138e-02
4.785239867834575889e-01,5.459361350438997340e-02,2.711487197622049206e-02
4.839220661710277871e-01,6.167702597041095636e-02,3.486758883158634637e-02
4.872834384728592094e-01,6.358716489753116208e-02,3.523423418054791312e-02
4.914397189560099077e-01,6.622549585571740893e-02,3.595351655927555429e-02
4.914803382187836189e-01,6.008019335285837148e-02,2.570366401125651762e-02
4.987751282468910197e-01,7.161041306139576124e-02,4.011857238910425394e-02
5.029545909558271743e-01,7.546002173234125920e-02,4.337144765136960456e-02
5.053118102382799792e-01,7.581615538264865894e-02,4.249755052864077204e-02
5.095467514731767400e-01,7.954855996863471890e-02,4.555819948146491022e-02
5.135901343274883457e-01,8.297049806248341097e-02,4.829292727136788588e-02
5.218474516092925786e-01,9.796587879580168079e-02,6.758052500590995548e-02
5.240944651081029804e-01,9.785688135635689511e-02,6.516971714743785560e-02
5.263199808956822157e-01,9.762282658631284138e-02,6.282767732606220346e-02
5.299885196730345083e-01,9.881131654640606943e-02,6.133982508833970421e-02
5.320090226291528390e-01,9.665528505257280079e-02,5.605904503601658734e-02
5.312117577427568627e-01,8.709124305008554556e-02,4.082465508706002028e-02
5.350663428881566874e-01,8.807444727608668145e-02,4.038806747694685673e-02
5.367296585649692364e-01,8.385187616151121293e-02,3.303576668541709921e-02
5.359129318131231612e-01,7.402772190935531793e-02,1.889851236481756430e-02
5.384900356198570881e-01,7.216540186311076743e-02,1.606905893188141990e-02
5.443419206222055440e-01,7.799296854947238011e-02,2.377743017059872482e-02
5.492549953455232448e-01,8.433638682274013920e-02,3.351384116115277423e-02
5.557332628485786019e-01,9.384485081562767006e-02,4.649546327306339905e-02
5.591362225047998846e-01,9.568131923348925649e-02,4.837256344803303465e-02
5.583818627530473533e-01,8.725680338115339441e-02,3.624786266534366780e-02
5.608184198123802311e-01,8.515570666299969449e-02,3.235675297020514790e-02
5.641355230718780867e-01,8.390934598529084520e-02,2.910044856406134028e-02
5.675596467589419936e-01,8.416796858262773351e-02,2.895466236306403277e-02
5.675321972554950856e-01,7.497911869769660620e-02,1.536453455705536278e-02
5.671068578131926996e-01,6.532246749346562464e-02,2.265842539032539640e-03
5.697060115936664060e-01,6.323037468918607518e-02,2.098866124904149970e-04
5.716813701700366179e-01,5.906691063596850727e-02,-4.954659984706227295e-03
5.757034911144296441e-01,5.999907277094820857e-02,-2.920957534425843490e-03
5.793570611490778122e-01,6.061628158952938467e-02,-1.157707610462430179e-03
5.801857564227438369e-01,5.388194290562118433e-02,-9.719902516418174598e-03
5.855510993926233976e-01,5.781039510763608114e-02,-3.744760903869170238e-03
5.889351357372895057e-01,5.675942900756443532e-02,-4.952120313782625710e-03
5.932830530652796197e-01,5.818819419645565594e-02,-2.669270361264923421e-03
5.981464352525701633e-01,6.157431406780080468e-02,2.659494474915198407e-03
6.005829198505893141e-01,5.963773582551010893e-02,6.614951825406995781e-04
6.018944915474282453e-01,5.499620559783156837e-02,-4.772507947936144995e-03
6.083335006617318630e-01,6.019037672486395041e-02,1.577301400308022544e-03
6.139291856629280897e-01,6.450647787843923064e-02,7.137319888798049523e-03
6.154380195243627227e-01,5.865496174685037173e-02,-1.422702122741060018e-03
6.179959453291284932e-01,5.386016896634350515e-02,-8.990625497517643755e-03
6.223704742174541726e-01,5.525727583847757363e-02,-6.499105027720762130e-03
6.226364724787706306e-01,4.514016342257770598e-02,-2.083761272122889793e-02
6.210696772729816795e-01,3.164608791651390973e-02,-3.827821848636053792e-02
6.216611218278751405e-01,2.046193483045270420e-02,-5.361300353679201991e-02
6.316996548629544295e-01,3.529998895444630413e-02,-3.106794031560005179e-02
6.291813800482870533e-01,1.952909600172992796e-02,-5.127444288376335757e-02
6.301384337037410077e-01,1.481496931485229603e-02,-5.393705409263607059e-02
6.387299840663647199e-01,2.699644935014186564e-02,-3.487159179837523437e-02
6.299863918622847780e-01,-3.653520449962859018e-03,-7.542034336460728960e-02
6.260140013836192896e-01,-2.192954417882814547e-02,-9.665448645899055169e-02
6.268747763681923324e-01,-2.613993132719975160e-02,-9.659771260424071526e-02
6.220906255040392629e-01,-4.614116898614989415e-02,-1.197704389240840384e-01
6.183756489147025359e-01,-6.050613457944548773e-02,-1.322449451103238083e-01
6.182298409524872307e-01,-6.633716129123075345e-02,-1.332567284763591653e-01
6.166870661228120998e-01,-7.617289044024010136e-02,-1.406342522759763680e-01
6.163733052885306263e-01,-8.153918252068291517e-02,-1.409503375235793554e-01
6.114822548130470770e-01,-9.421179652192854248e-02,-1.493417337967191671e-01
6.085649409968151291e-01,-9.999711782008527394e-02,-1.472733559370880685e-01
6.074945247674143900e-01,-1.019569062171202106e-01,-1.411415060397770704e-01
6.063338093848610333e-01,-1.050613494484199245e-01,-1.380941556598916375e-01
6.068451847583539172e-01,-1.060562617511248695e-01,-1.342245412590496179e-01
6.121774367049335197e-01,-9.447740343172902899e-02,-1.132787725539835810e-01
6.123467811000795624e-01,-9.833814137421000023e-02,-1.164501654697211452e-01
6.153186250718091221e-01,-9.475290428877057580e-02,-1.092764958537514597e-01
6.177471293081776560e-01,-9.164415300027703437e-02,-1.026896438282671742e-01
6.235008310627428996e-01,-8.204434490063440555e-02,-8.882942872293730918e-02
6.255829513151957011e-01,-8.358970315541219831e-02,-9.223813610353504000e-02
6.272990106585687453e-01,-8.410204680622238027e-02,-9.277778438465603128e-02
6.320736009183758330e-01,-7.702734910121220024e-02,-8.285804753593684069e-02
6.387151269537845177e-01,-6.654726516829859162e-02,-6.959737996613961364e-02
6.432117014875406991e-01,-6.571291049537619777e-02,-7.286573900153132943e-02
6.498134713658878514e-01,-5.702836486146520278e-02,-6.319961968752474402e-02
6.484005335064858544e-01,-6.560122852803272619e-02,-7.589559796513220546e-02
6.519500779669953339e-01,-6.610798417220951906e-02,-7.945891864554141537e-02
6.550450292275856734e-01,-6.574354439578675158e-02,-8.023997501639319740e-02
6.604647099200713356e-01,-6.009685953804203701e-02,-7.392172957435023950e-02
6.622779420288131824e-01,-6.414383364529327447e-02,-8.156450798301109750e-02
6.632712924461245940e-01,-6.913801402910030314e-02,-8.925374472019978467e-02
6.683468689144178576e-01,-6.696632257579279712e-02,-8.859707940890337863e-02
6.755497044296266962e-01,-5.685290477615367183e-02,-7.515904125764361066e-02
6.750588985412019349e-01,-6.208281291226633997e-02,-8.119119942670040280e-02
6.770294191435701769e-01,-6.177269956793568495e-02,-7.969684870290824619e-02
6.788967244350493369e-01,-6.151876733969471878e-02,-7.831796942827345953e-02
6.814083159194899153e-01,-6.348550103776681719e-02,-8.249190392678039385e-02
6.863446354846002295e-01,-6.152560474999577145e-02,-8.228894334221430185e-02
6.897694757013548283e-01,-6.125779374373628572e-02,-8.294338093434754089e-02
6.898268464935120026e-01,-6.894864342713379057e-02,-9.410013140160970735e-02
6.921635102878913592e-01,-7.427246885613147942e-02,-1.034781187141143588e-01
6.967710646414179143e-01,-7.142610400607947441e-02,-9.955989477596480230e-02
7.060977640733220317e-01,-5.783781523050303408e-02,-8.167353655286549441e-02
7.095406127614394265e-01,-5.630919733044394832e-02,-7.951900123890917604e-02
7.079703620367964190e-01,-6.438551931889793800e-02,-8.888190819691044187e-02
7.144088165997869444e-01,-5.962753616244050037e-02,-8.475236189932411346e-02
7.191893465752543513e-01,-6.113290005161964996e-02,-9.051620163576341860e-02
7.195647522252924810e-01,-7.176555707945281304e-02,-1.071276893382077933e-01
7.221132320656499237e-01,-7.584229947675283356e-02,-1.129506798558938402e-01
7.246693586237210605e-01,-7.253896849573393535e-02,-1.038963406553273378e-01
7.312718279321137604e-01,-6.189748459380922663e-02,-8.727277423047935523e-02
7.312768882652631586e-01,-6.247404437406092748e-02,-8.366638585908983683e-02
7.346796301129266960e-01,-5.780739399861847816e-02,-7.553944961568369310e-02
7.385395628805415669e-01,-5.261571488474940661e-02,-6.753466989246738328e-02
7.378764529120700466e-01,-5.649487309764423398e-02,-7.108598989428063786e-02
7.372799396567669694e-01,-5.874575261893218159e-02,-7.144654849586662415e-02
7.374527869155609316e-01,-6.007243520764478373e-02,-7.129326963604126766e-02
7.411237377367664303e-01,-5.326030733266742118e-02,-6.053266272939837600e-02
7.431721010822546214e-01,-5.102064121001492064e-02,-5.702554464864746653e-02
7.440591228796179513e-01,-4.997378607267822376e-02,-5.430285083933678730e-02
7.430867843239693515e-01,-5.373857285791319716e-02,-5.848562301683929432e-02
7.461399096639037554e-01,-4.886072520783103779e-02,-5.156765888873843240e-02
7.443854754793739481e-01,-5.632004987679947727e-02,-6.213814119856515827e-02
7.431834784394241167e-01,-6.320429446723031808e-02,-7.182677590094790898e-02
7.438904928936579397e-01,-6.516754969712580670e-02,-7.414025977056670769e-02
7.402709005927540220e-01,-7.307159874384572262e-02,-8.153136183645734447e-02
7.382733769366742749e-01,-7.764245433896625748e-02,-8.466939050428615166e-02
7.320210732548025900e-01,-8.941717622893632922e-02,-9.562481462052965786e-02
7.330690141808076099e-01,-8.599673973602411925e-02,-8.747579751160450279e-02
7.338576656517371566e-01,-8.268501820121147705e-02,-7.973778431788978993e-02
7.375011680435298311e-01,-7.187409370271062581e-02,-6.217633116390593184e-02
7.346715321428197720e-01,-7.795564254954705230e-02,-6.928458043048564552e-02
7.329742971263786266e-01,-7.986852881683340066e-02,-6.958489149733698698e-02
7.331660953327694408e-01,-7.675157745559449407e-02,-6.294118453566252547e-02
7.325863165453112558e-01,-7.581591598962228451e-02,-5.995846649201890671e-02
7.355082961134929986e-01,-6.819191076826783271e-02,-4.935560477105439825e-02
7.372494006880243589e-01,-6.625371960301343344e-02,-4.878649985340755002e-02
7.404258763607521887e-01,-6.145123998799408710e-02,-4.462171013053936597e-02
7.422136854248599924e-01,-5.672474274013130507e-02,-3.851550478598026600e-02
7.433080571515234825e-01,-5.570256155454542807e-02,-3.898351236306570045e-02
7.440763267659770142e-01,-5.510755873573927599e-02,-3.964015962654997977e-02
7.448439580070544963e-01,-5.604928677298107870e-02,-4.321202650264691081e-02
7.498300436905729338e-01,-4.537924109277306772e-02,-2.987081734053735269e-02
7.489798601526200805e-01,-4.818035962622230217e-02,-3.489777283211502323e-02
7.495036889521089485e-01,-4.960961096453207764e-02,-3.896884038322533106e-02
7.462978822885960595e-01,-5.940622232902569022e-02,-5.356827348082780077e-02
7.472173202812839587e-01,-5.908435907297603790e-02,-5.357701329938013846e-02
7.477336439249876454e-01,-6.067306867029695350e-02,-5.672943039537090698e-02
7.499475845064886848e-01,-6.053290151383790979e-02,-5.882401670342732314e-02
7.502437578979614941e-01,-6.102599946386862151e-02,-5.895272540598435473e-02
7.509447249067354724e-01,-6.254388352957089559e-02,-6.178388763250832610e-02
7.536869235530071487e-01,-5.609233777159473161e-02,-5.170888207776804663e-02
7.492377925626260149e-01,-6.588052987036091546e-02,-6.342899334565638148e-02
7.495625151596591040e-01,-6.474054005661482314e-02,-6.032271972030059382e-02
7.452223846147982833e-01,-7.572342005975724044e-02,-7.437624557919461643e-02
7.418682290010677471e-01,-8.265888108367094866e-02,-8.122906588111558635e-02
7.396878160745988806e-01,-8.970941397513110260e-02,-8.997644623671294251e-02
7.307621164058927254e-01,-1.110565945088788642e-01,-1.163608499950659902e-01
7.229732769594821029e-01,-1.295686860567367427e-01,-1.377127525665397534e-01
7.136587906172238149e-01,-1.509024915637562914e-01,-1.615020489965160733e-01
6.944956194547067252e-01,-1.939183889304922082e-01,-2.123122672765992425e-01
6.659454048969122297e-01,-2.579600489051605550e-01,-2.884610905304239581e-01
6.273561415400369379e-01,-3.405418994383098696e-01,-3.828986697450043053e-01
5.697049936006648441e-01,-4.683393191790981569e-01,-5.341130311621924420e-01
4.939593424565589252e-01,-6.442924725890866178e-01,-7.473836661345927279e-01
3.932384994867931249e-01,-8.813268261597448916e-01,-1.033996692469273171e+00
2.602506226268396228e-01,-1.196434443126876301e+00,-1.414608013630571426e+00
1.168876050625348162e-01,-1.525180952384243449e+00,-1.789817101653948583e+00
-9.896188276255227234e-03,-1.799953293185156733e+00,-2.070203961417416139e+00
-1.542074585598101621e-01,-2.102447823232180824e+00,-2.371118620995352977e+00
-1.916092371640176206e-01,-2.105971962705885492e+00,-2.234046075880317783e+00
-1.604379150630131368e-01,-1.915558803658606868e+00,-1.834487432324236167e+00
-9.627095428194726301e-02,-1.630772747764842601e+00,-1.329672812146083238e+00
1.638936692494677438e-02,-1.210115067844889536e+00,-6.635669835648910775e-01
3.195086803541583725e-02,-1.042794675182721509e+00,-3.918414499472809842e-01
4.295449677846610581e-02,-8.892158273102659383e-01,-1.571464638263675162e-01
7.902556566517965342e-02,-6.720280857517928474e-01,1.513167268757166228e-01
1.459605132655507342e-01,-3.787059787347490381e-01,5.467326424697374065e-01
1.467932255247608730e-01,-2.654441286599849570e-01,6.645667134269869214e-01
1.587375615948644070e-01,-1.366875923707272511e-01,7.975601642226689547e-01
1.643488096360506967e-01,-3.297825929600350925e-02,8.841389713761976799e-01
1.213542676852042701e-01,-6.603440509378365186e-02,7.732621107293807805e-01
1.021635811991658954e-01,-4.677029199660112657e-02,7.404820194513085374e-01
1.107814961085564487e-01,3.546537546385490625e-02,7.953665042398170293e-01
8.450355332775733030e-02,1.818269771646973537e-02,7.083639614339637403e-01
7.116858085121857691e-02,2.695621812135592238e-02,6.603542634561916369e-01
5.961242172238536557e-02,3.221103446368407675e-02,6.116770763364149932e-01
7.329783300027321868e-02,9.966921865493107158e-02,6.530586237642432845e-01
7.821725545953477077e-02,1.383944587939044402e-01,6.514272247718289055e-01
8.240740204321818363e-02,1.689524636756936093e-01,6.395189527573105215e-01
9.527682440349556636e-02,2.178193200290296783e-01,6.547489447698057186e-01
1.196569653629211000e-01,2.920852681130799988e-01,7.059541249924690121e-01
1.254094754278550217e-01,3.121529598063063071e-01,6.794912706424089954e-01
1.354663289345438559e-01,3.376138608886433690e-01,6.609242744949045401e-01
1.442577499464975932e-01,3.560296792550009526e-01,6.357484299415292472e-01
1.494442971400518627e-01,3.606111915722152172e-01,5.947296313621273089e-01
1.547774126892398627e-01,3.607073146794847474e-01,5.485623542426339982e-01
1.593726700981098476e-01,3.563137232919874053e-01,5.006327534085935893e-01
1.689186608893453734e-01,3.623814857705668913e-01,4.716307028020017555e-01
1.789212203495224307e-01,3.672856146396124566e-01,4.432812935510679342e-01
1.824772826606788634e-01,3.535946182373244095e-01,3.917541711968546281e-01
1.910167344572702708e-01,3.523569567190325547e-01,3.626807760164106886e-01
2.007478209493486487e-01,3.540203390188321753e-01,3.408575023724149666e-01
2.112711332387855745e-01,3.568795063352375729e-01,3.230973942711744540e-01
2.225455949762589203e-01,3.609199972988718641e-01,3.089032966589017604e-01
2.319262252541250402e-01,3.606960602107917024e-01,2.913441915906496149e-01
2.435632654107723338e-01,3.663549587860418510e-01,2.841071492916364960e-01
2.596748629365477901e-01,3.832076736040084808e-01,2.936815811671587562e-01
2.724774918502871346e-01,3.931354755523862599e-01,2.950337775168349608e-01
2.805182442162616474e-01,3.903187440896833671e-01,2.791631462857190327e-01
2.907867348552782838e-01,3.918682341537504943e-01,2.703408038644660172e-01
3.002457679064577389e-01,3.922190965773597604e-01,2.615431179768928915e-01
3.103949961705995686e-01,3.944419503044738762e-01,2.564367388001105308e-01
3.200041758027068473e-01,3.956509469638154752e-01,2.510370897110794641e-01
3.287769015831169539e-01,3.940498727740061047e-01,2.422335367604124823e-01
3.351546220044184787e-01,3.868438321870268370e-01,2.268150238659287776e-01
3.383661621804668340e-01,3.716395111510751303e-01,2.016244991105872186e-01
3.470557088076589580e-01,3.707716848146844768e-01,1.980945247885990412e-01
3.474956217771830724e-01,3.495641433536299525e-01,1.671241099029894539e-01
3.481505779434689862e-01,3.285197692894203381e-01,1.379004200923333590e-01
3.475805121727807423e-01,3.062284694159636000e-01,1.096276262928598394e-01
3.538833204211994654e-01,3.014362255198564933e-01,1.069267928773615650e-01
3.555865927064237875e-01,2.864113769446703928e-01,9.056536497287213938e-02
3.554456460031537035e-01,2.666832157328586916e-01,6.834869784231702161e-02
3.598828585913109168e-01,2.576881348188380105e-01,6.140957131016319681e-02
3.616746483858181982e-01,2.434824700615282611e-01,4.790061206242707953e-02
3.627029677593250345e-01,2.287371720347799453e-01,3.484246826782511769e-02
3.658041690556145253e-01,2.195965970669874479e-01,2.967142214660613980e-02
3.682911665216227481e-01,2.082551982559742165e-01,2.146188074292970649e-02
3.683097145251072457e-01,1.920547238876425811e-01,6.913489136614079517e-03
3.727245161462482415e-01,1.882259402043701957e-01,1.026019976552475232e-02
3.762621657590114466e-01,1.823050630354772217e-01,1.019758529391883578e-02
3.747353688120175219e-01,1.642658890826354801e-01,-6.835000199786236096e-03
3.799724425333145805e-01,1.636902730210049173e-01,1.083716142907219238e-03
3.808037476633662211e-01,1.532354976711017558e-01,-5.118410124989160835e-03
3.805325247965237190e-01,1.405516588790539367e-01,-1.428552509797467555e-02
3.857574091473120470e-01,1.413886949272470939e-01,-5.262991179097875269e-03
3.892985848096671142e-01,1.393107289736084664e-01,-3.691325110373525065e-04
3.865978153503183967e-01,1.209236553236716777e-01,-1.918970373012536534e-02
3.879610714723875087e-01,1.129173381606189269e-01,-2.306259960045326657e-02
3.925553729162729044e-01,1.145216051107565969e-01,-1.319336900194895655e-02
3.924212345847020722e-01,1.040459074145198559e-01,-2.080473341646572535e-02
3.915312001247074902e-01,9.183871084221474634e-02,-3.106358745874927135e-02
3.973633266184632418e-01,9.574852164535249677e-02,-1.960218995218161037e-02
3.980349538511972485e-01,8.707390027819171541e-02,-2.595905927379005274e-02
3.975926002069828935e-01,7.622767846117958768e-02,-3.525670237969148052e-02
3.987308767259014064e-01,6.872990493867679740e-02,-4.018479735039941908e-02
4.006661990551806940e-01,6.373252986334872194e-02,-4.140182423667863876e-02
4.037484136261201284e-01,6.168619260640413604e-02,-3.889383485560192477e-02
4.042251640057225592e-01,5.280746188955315334e-02,-4.649735660065709708e-02
4.054620865517398753e-01,4.647766378764508349e-02,-5.024185968689798276e-02
4.030721134573503894e-01,3.206228290272641890e-02,-6.435174698530853055e-02
4.015728860544302559e-01,1.894412848264718716e-02,-7.706704637899738919e-02
4.060788495906275664e-01,2.119480214981830923e-02,-6.831270375329212552e-02
4.087172145905773046e-01,1.878875475025516134e-02,-6.671251205180862842e-02
4.065542745382182410e-01,4.292848991433381722e-03,-8.216811298773311900e-02
4.088609965473738450e-01,1.996719069910017977e-03,-7.975529377116986895e-02
4.128532946959155292e-01,4.649848755159528488e-03,-7.062509290911747617e-02
4.183059544518389905e-01,1.205752336451529003e-02,-5.527801065829422711e-02
4.182070284513404457e-01,3.649026472663317866e-03,-6.394103846694157434e-02
4.180613379988517564e-01,-4.768241972662227990e-03,-7.210186107081581475e-02
4.200032982899618572e-01,-7.824932638761099291e-03,-7.280612696006892592e-02
4.223957012531713850e-01,-1.028661094976375534e-02,-7.314996999216243079e-02
4.202239296060570894e-01,-2.316363870460422941e-02,-8.746127923484013633e-02
4.245602850847792764e-01,-2.026722558276754585e-02,-8.001181509504012856e-02
4.238758453994337372e-01,-2.983366622557757225e-02,-9.007621730214630806e-02
4.228790261037329024e-01,-4.097053585492931721e-02,-1.025977232578902248e-01
4.238810479044644586e-01,-4.547679403246152052e-02,-1.045798457946120474e-01
4.258369347829969453e-01,-4.883608698296024175e-02,-1.058334699070697382e-01
4.299010361271122793e-01,-4.547167549205235332e-02,-9.706742375707332060e-02
4.329087992554938036e-01,-4.588429223737183760e-02,-9.510904553604776490e-02
4.405410502883818635e-01,-3.406552102267432214e-02,-7.618322781719082115e-02
4.448342176374230905e-01,-3.002382726619961736e-02,-6.872264753912360469e-02
4.480401209882957092e-01,-2.994363167365987621e-02,-6.803926003744127649e-02
4.538341978922947328e-01,-2.129529369299285047e-02,-5.435575885986522471e-02
4.606912063851449912e-01,-1.147190885022634360e-02,-4.082866305734327711e-02
4.630931546824120226e-01,-1.366029863523820012e-02,-4.494895865137434054e-02
4.670477727114217270e-01,-1.279674692622173593e-02,-4.514297227486448183e-02
4.736332277646450040e-01,-4.837432899296109819e-03,-3.524019776227475115e-02
4.809020864451988286e-01,3.756204950916908550e-03,-2.554853086049432842e-02
4.838235954359980107e-01,1.822092816880393172e-03,-3.037234588085764228e-02
4.871139740350579062e-01,1.671556573696970395e-03,-3.187062806187009045e-02
4.874299827418035469e-01,-6.065769872572601348e-03,-4.362661460347418835e-02
4.962265964453831946e-01,6.721555712668270469e-03,-2.699078053251480896e-02
5.013582778409161333e-01,1.125304674035047629e-02,-2.196171109438749269e-02
5.045198733858650142e-01,9.239588176169554606e-03,-2.702276676498752486e-02
5.103905277823322928e-01,1.436582711310251115e-02,-2.168961578280616601e-02
5.140944248802266081e-01,1.275697789716399855e-02,-2.656453568349629452e-02
5.172287417373494511e-01,1.186162645204232383e-02,-2.863116724092640286e-02
5.220431033991568270e-01,1.272941370102271402e-02,-2.971344676929215181e-02
5.269461803245315545e-01,1.355096551044778462e-02,-3.075053581588850157e-02
5.317361588583364718e-01,1.561084837359368732e-02,-2.892948940577740741e-02
5.350362618477096932e-01,1.313471023760481859e-02,-3.384490976441141552e-02
5.416987911509424380e-01,1.995463022451548704e-02,-2.510074785408283188e-02
5.469725978806949662e-01,2.239090054017566292e-02,-2.340518167811400652e-02
5.531236582629150966e-01,2.853613911839673195e-02,-1.556135561725200886e-02
5.589905518221880421e-01,3.289896817186156730e-02,-1.122415395938507893e-02
5.645549595956307343e-01,3.691893335878863869e-02,-7.304763379983726483e-03
5.665024392909067119e-01,2.966702668578581614e-02,-2.015895953933127815e-02
5.687792152392711076e-01,2.416049419581827590e-02,-2.926101433516349257e-02
5.689448049341190305e-01,1.495742813098175673e-02,-4.190716053932351526e-02
5.717867821957653973e-01,1.140911942353878619e-02,-4.665137859130095987e-02
5.716464522048042562e-01,4.292732736949009253e-04,-6.143683623158542606e-02
5.727401590632702488e-01,-6.288110853550412174e-03,-6.891961460632875514e-02
5.767942682453884862e-01,-5.461640268258796498e-03,-6.564882603868257838e-02
5.798703046946782624e-01,-5.508642330764869713e-03,-6.302155543248703917e-02
5.790939139149466897e-01,-1.679272532562690878e-02,-7.706342602875006220e-02
5.810974251375632393e-01,-1.924991379223658233e-02,-7.718176836816847963e-02
5.835852797187238705e-01,-1.811032573193363179e-02,-7.112616546501404624e-02
5.832296495285405058e-01,-2.409189584272083962e-02,-7.553981575815915672e-02
5.874106956711280247e-01,-2.076693982257231050e-02,-6.850223560844063975e-02
5.916265543215016853e-01,-1.589467569694907184e-02,-5.882785197745033640e-02
5.976266875439218973e-01,-7.503713446242741072e-03,-4.578771743731911009e-02
6.016358704696980197e-01,-4.089357105157181635e-03,-4.029660722437601594e-02
6.024852956634544343e-01,-8.349267550689720013e-03,-4.549348837646630811e-02
6.071546932662742480e-01,-2.676351361744527119e-03,-3.673176396672024613e-02
6.079296785313963447e-01,-8.419434672201617231e-03,-4.504105094728027420e-02
6.092785732687525657e-01,-1.206558130476348585e-02,-4.968545907429491176e-02
6.164669319855264895e-01,-2.306519468069710525e-03,-3.641878901378532707e-02
6.187351242131509110e-01,-5.942975678518902169e-04,-3.229998802526207885e-02
6.227216397876266241e-01,1.515722815766161382e-03,-3.038191098883766955e-02
6.258245786021173762e-01,2.602380534014947771e-03,-2.905555982390338812e-02
6.307186251650118702e-01,8.539147185591126205e-03,-2.103537476810844048e-02
6.329174851509433708e-01,8.688835213801168397e-03,-2.070194557596420626e-02
6.361576748112266477e-01,1.140686514457212204e-02,-1.692123768031058087e-02
6.418802177005265008e-01,1.962626663863183130e-02,-6.217663538120671296e-03
6.455185560699274738e-01,2.272845010650861863e-02,-3.029579091090433499e-03
6.505262044805003585e-01,2.714662071177562780e-02,6.547749365250221405e-04
6.523720117791497186e-01,2.524920527763972397e-02,-3.394038735950117083e-03
6.567398435213381847e-01,3.029362671813427832e-02,2.806795543677315791e-03
6.579351777755384489e-01,2.906077899559487282e-02,1.150828075372022649e-03
6.604439326499726981e-01,2.777293477308977881e-02,-2.618505480405102989e-03
6.644365279860646734e-01,2.936939658234142408e-02,-2.555320594740530075e-03
6.686876053269616982e-01,2.969248061769295260e-02,-5.313812745716637101e-03
6.719260539226126205e-01,3.023116081065861660e-02,-5.635664085487942544e-03
6.742593161765469967e-01,2.982400707164330547e-02,-6.418512173747966884e-03
6.749658503727666847e-01,2.625446395788498533e-02,-1.092777630002864618e-02
6.764461992839764237e-01,2.345093800305533480e-02,-1.480619158815181524e-02
6.801186575400129941e-01,2.742304408504443042e-02,-8.540986537795770134e-03
6.849503055666630313e-01,3.254873442989389409e-02,-2.014632194464928243e-03
6.888241027538989369e-01,3.523120163412427758e-02,7.413162786570485011e-04
6.905480856701557979e-01,3.121040273660105266e-02,-6.562108529576567151e-03
6.932576811810663431e-01,3.106827351621407884e-02,-7.160187705062382758e-03
6.933685390485757605e-01,1.938896953664456801e-02,-2.661638903192820038e-02
6.974773714480516640e-01,2.204841123642862707e-02,-2.254866203104695030e-02
6.986323111476691050e-01,1.430882108397211680e-02,-3.481746024388997912e-02
6.996095821686801886e-01,1.066451696671360735e-02,-3.781462409776104733e-02
7.072134763408984837e-01,2.139143587605021879e-02,-2.252973308756259924e-02
7.129395433708143326e-01,2.576949687067753986e-02,-1.781102459095210838e-02
7.175335556542566939e-01,2.892123355380284144e-02,-1.397034529790578197e-02
7.194913401665001818e-01,2.925329971960189887e-02,-1.174495218852649424e-02
7.239458459293621750e-01,3.228332969628067844e-02,-8.286030434870458872e-03
7.239883466641858778e-01,2.775471800264575628e-02,-1.317895076356143461e-02
7.248334955901717391e-01,2.270733715092366004e-02,-2.024613614920052831e-02
7.320955187402887754e-01,3.016843933853966334e-02,-1.192714268272787939e-02
7.337212068150454902e-01,2.576902053004311022e-02,-1.873132473740133849e-02
7.355747489398152261e-01,2.448895505335148270e-02,-1.923444910472692226e-02
7.380827988978425624e-01,1.815223976598734357e-02,-3.098967529146978706e-02
7.403886110371584728e-01,1.730820919093341986e-02,-3.061473428359030510e-02
7.424068853445005001e-01,1.479270337726983076e-02,-3.328889958530490550e-02
7.438485621354039568e-01,1.322082591253577293e-02,-3.317476552024685443e-02
7.488545671347042187e-01,1.684458690724671692e-02,-2.824097702640491342e-02
7.531513256397679434e-01,1.976911584949801043e-02,-2.394309120608504801e-02
7.579232442598649033e-01,2.025787344830773384e-02,-2.546528595421997804e-02
7.617104376926551179e-01,1.812400398474035140e-02,-3.040231293196286877e-02
7.636137096763121468e-01,1.838053621360292295e-02,-2.733041515267138621e-02
7.677038916716079076e-01,1.957881841047327126e-02,-2.613626775785093601e-02
7.709083036296020541e-01,1.835293701229670157e-02,-2.840243279386657840e-02
7.752296321768412657e-01,1.970980228683157434e-02,-2.706065263698390760e-02
7.743151771756322521e-01,9.743244014870939412e-03,-4.021563701753481240e-02
7.759682702412007416e-01,6.895250153160186260e-03,-4.253539331755553515e-02
7.794546894550944405e-01,7.493267372846067025e-03,-4.081213526466039715e-02
7.842117026226522736e-01,8.003471858419132501e-03,-4.141436155792424523e-02
7.858458327165868118e-01,3.712233263618543340e-03,-4.657044555212389719e-02
7.896842001773005659e-01,1.792224175548771080e-03,-5.026695699521387811e-02
7.925804853338503930e-01,-1.156961350068660445e-03,-5.427688502977153634e-02
8.018444855951760708e-01,8.379730722041100685e-03,-4.307312248254908937e-02
8.051181174032725485e-01,1.013021466681723014e-02,-3.857782723373323619e-02
8.063706955479950089e-01,5.411887136357953348e-03,-4.409026376656795254e-02
8.125994488397793036e-01,8.914875452411232665e-03,-4.083358971054848463e-02
8.157352602485657966e-01,6.143298135662960194e-03,-4.525032624235118123e-02
8.169694721183343722e-01,1.419870259482058396e-03,-5.042647105293235343e-02
8.178060958248627443e-01,-3.740050061823657276e-03,-5.550749713921394879e-02
8.217224201105851611e-01,-6.933252164400961585e-03,-6.155958388378710011e-02
8.232399222764336111e-01,-1.568741070085055353e-02,-7.440856970459425179e-02
8.276589676731153089e-01,-1.554249615178566156e-02,-7.338832793551493261e-02
8.288056936953982490e-01,-2.033001451670753829e-02,-7.702335059316715860e-02
8.310833508464672281e-01,-2.665292586502009120e-02,-8.565037568357550257e-02
8.350270283839836827e-01,-2.241756656256150421e-02,-7.540817709868276320e-02
8.360196751793097514e-01,-2.985082386316577352e-02,-8.468356412192667992e-02
8.411295585820184328e-01,-2.711137577385829001e-02,-7.958817503745753419e-02
8.440590761565304190e-01,-2.507349766282235617e-02,-7.297649570980442590e-02
8.491778124271656125e-01,-2.354621594912233856e-02,-7.132158322754890423e-02
8.508576346919172195e-01,-2.854982058510353166e-02,-7.740315105540609975e-02
8.569537747426676511e-01,-2.598278785116155121e-02,-7.498544489582033290e-02
8.570940307412431292e-01,-3.114974273613075814e-02,-7.875572074389255994e-02
8.557202856824513981e-01,-4.061428314014094848e-02,-8.887821141640121769e-02
8.535998288731833084e-01,-5.076174913303611175e-02,-9.874912824404608047e-02
8.528309820728655621e-01,-5.484703880682237354e-02,-9.853258230568318066e-02
8.555979504940469660e-01,-5.351646779793120534e-02,-9.341462589587661014e-02
8.599493368809703053e-01,-5.037920700851256789e-02,-8.768084407220184950e-02
8.641871683612593058e-01,-4.584819430246585281e-02,-7.935417687277714072e-02
8.597604809514123314e-01,-5.758627955383092967e-02,-9.055634406457570285e-02
8.567834200717030502e-01,-6.606239361736418458e-02,-9.737271390846934105e-02
8.512717535937872615e-01,-7.840702123829712544e-02,-1.079267999241612652e-01
8.432993673472034546e-01,-1.018288728181129116e-01,-1.365140161519253492e-01
8.341859984782971082e-01,-1.217881090234962105e-01,-1.553233100453281779e-01
8.282800563868369936e-01,-1.291638180537464931e-01,-1.536824963301131608e-01
8.162307833107045330e-01,-1.511652168790770245e-01,-1.726103446488649329e-01
8.056155397411881580e-01,-1.681708102497432300e-01,-1.836182778097894541e-01
7.980615928691094929e-01,-1.784496132493624820e-01,-1.863063611104993356e-01
7.944190215432430646e-01,-1.797021243131090018e-01,-1.777012981128621438e-01
7.899488152791158679e-01,-1.872134538493564759e-01,-1.814820340119425446e-01
7.849647445608622931e-01,-1.934605945151097184e-01,-1.821991374688561871e-01
7.824539951330358178e-01,-1.893946169782190769e-01,-1.667193346662688702e-01
7.754701390154884466e-01,-1.998614059789680930e-01,-1.748008291883158816e-01
7.668058075001275009e-01,-2.146979217969516851e-01,-1.889962926797737752e-01
7.630996682052233471e-01,-2.137508305194344704e-01,-1.791627036256743799e-01
7.580555502743120400e-01,-2.152747055985756441e-01,-1.732955611372148930e-01
7.520637465292714374e-01,-2.188776680064279390e-01,-1.709688424504451909e-01
7.475399604260877240e-01,-2.220817641880447613e-01,-1.707520081717825433e-01
7.435267078576448530e-01,-2.230904192367384187e-01,-1.672924498985945974e-01
7.411031947443010859e-01,-2.177220418187257311e-01,-1.541606233322513619e-01
7.345818925675398070e-01,-2.238154144440001325e-01,-1.585312883689801167e-01
7.342644936564768354e-01,-2.144450353653500896e-01,-1.418061799454374827e-01
7.291890846676604143e-01,-2.127026169178510839e-01,-1.340941951504532048e-01
7.222316368895198568e-01,-2.156929734096782181e-01,-1.336036248250533076e-01
7.172989881121456524e-01,-2.118422048888916609e-01,-1.230766496370602064e-01
7.165643417555709327e-01,-2.006072005010937631e-01,-1.051445298195039513e-01
7.053795305050637454e-01,-2.117979139752778628e-01,-1.168585612110403793e-01
7.021048044354544215e-01,-2.058021553690850824e-01,-1.062266309899355943e-01
6.985009759685354425e-01,-1.971866039339057741e-01,-9.053395507746365978e-02
6.962885678314618687e-01,-1.883571214578529662e-01,-7.772379434593307268e-02
6.891000569483229921e-01,-1.919488890464221553e-01,-8.272541619769938070e-02
6.865549402760737774e-01,-1.835209339780625726e-01,-7.056325740660181201e-02
6.839439732797986116e-01,-1.734223511111799565e-01,-5.594294758752999669e-02
6.813478302862538971e-01,-1.649501850405488412e-01,-4.516888176575665353e-02
6.785030065182621195e-01,-1.569172715243968008e-01,-3.522872626282036457e-02
6.758303160717575864e-01,-1.500097099566083392e-01,-2.853291863871159836e-02
6.721403589070024109e-01,-1.473898342367017944e-01,-2.873827690207115051e-02
6.671672458555458762e-01,-1.476778753994592297e-01,-3.257065066172693674e-02
6.649456015567809519e-01,-1.424284440726379108e-01,-2.905764791884462434e-02
6.535693285945918252e-01,-1.585585127609431266e-01,-5.392165745966677470e-02
6.490003009459670569e-01,-1.573880209849637390e-01,-5.346965402421464952e-02
6.437702931605439050e-01,-1.614732850455456170e-01,-6.224491055398934103e-02
6.382927218273403147e-01,-1.629425454048095412e-01,-6.485555059529297950e-02
6.347558222412610363e-01,-1.609569326190479210e-01,-6.340957760379238584e-02
6.264289598517187585e-01,-1.714227200247582794e-01,-7.920632027244678408e-02
6.214779031605547344e-01,-1.709335812140455879e-01,-7.770748405924939040e-02
6.201481129498682687e-01,-1.623425642503014410e-01,-6.571612192187716028e-02
6.193780301914463271e-01,-1.501302170961923421e-01,-4.814486094463107241e-02
6.161271991019797722e-01,-1.435838613854491519e-01,-3.878660268832460206e-02
6.117602511257798081e-01,-1.410672378352143819e-01,-3.630563779849785289e-02
6.072890989214352331e-01,-1.416225426892637196e-01,-3.985885927781036842e-02
6.012206041992123051e-01,-1.468850696282273383e-01,-4.994754521752223925e-02
5.993633580247181847e-01,-1.405394443690299311e-01,-4.274267846145211880e-02
5.954400519371707556e-01,-1.364269146388864262e-01,-3.705184512856805196e-02
5.888843902929321583e-01,-1.425025773364903270e-01,-4.771774413564147665e-02
5.877526612103057824e-01,-1.342258263728338119e-01,-3.751314981825906031e-02
5.857750709063670458e-01,-1.267779823783641291e-01,-2.824778984444704932e-02
5.780484658631420691e-01,-1.342935365986955010e-01,-4.010240323281310387e-02
5.753668452845902559e-01,-1.322112088501006255e-01,-3.995431348838984070e-02
5.732534398850424040e-01,-1.266182510945181305e-01,-3.367053723899743334e-02
5.680130562384786419e-01,-1.302854089019423178e-01,-4.111243022292807026e-02
5.684892350638613978e-01,-1.207984511509871545e-01,-3.064658039227720343e-02
5.604137422631835230e-01,-1.320114845264239167e-01,-4.858446496839587125e-02
5.579207155958251230e-01,-1.317138785200454854e-01,-5.105222511191678803e-02
5.526228820544736298e-01,-1.359581330292211065e-01,-5.785251280297371013e-02
5.503600528469249076e-01,-1.311779873162831622e-01,-5.102932508172236536e-02
5.499273137384658172e-01,-1.229330833840388965e-01,-4.061991316802674584e-02
5.478214932742198062e-01,-1.195032262374435272e-01,-3.757877792497149594e-02
5.446465626850470754e-01,-1.172604269958441303e-01,-3.529765915429367018e-02
5.454900556447868087e-01,-1.050067376318214452e-01,-1.938003239492314816e-02
5.468322838116012052e-01,-9.383563065297403916e-02,-7.062923106766377454e-03
5.464702302782586951e-01,-8.603516749829193122e-02,7.172166621389657395e-04
5.483607277479093378e-01,-7.163245676594272304e-02,1.793236047289121365e-02
5.486995229789882744e-01,-6.343756439045644679e-02,2.456211785534281183e-02
5.457280837513112104e-01,-6.173088663351579408e-02,2.319959841009158752e-02
5.446098523727701535e-01,-5.688912412406400138e-02,2.567962492733567512e-02
5.443021163163377363e-01,-5.145823902583901432e-02,2.832893516473355619e-02
5.422757284407373479e-01,-5.088831230368896091e-02,2.401644164637108114e-02
5.421770413686701762e-01,-4.422036937210318402e-02,2.955139596920911688e-02
5.393098514433889434e-01,-4.489424866542451875e-02,2.453006351872177165e-02
5.426432185359721938e-01,-3.065660104620662046e-02,4.038816577884868364e-02
5.430526161995615775e-01,-2.398846178619743266e-02,4.503135220498667712e-02
5.378934624932842912e-01,-3.215388471974744283e-02,2.889208278295489832e-02
5.377731130749824340e-01,-2.647824569447537746e-02,3.366053403110982889e-02
5.351585654653311375e-01,-2.796706486311293163e-02,2.803497331658041936e-02
5.313365015180648854e-01,-3.089094589955046488e-02,2.199939730995015968e-02
5.324043530748657771e-01,-2.437006869369211931e-02,2.756141027981381594e-02
5.321240737297856516e-01,-2.089109494167220443e-02,2.911426756049356052e-02
5.310836189421241915e-01,-1.838566047548306423e-02,3.010054518158036124e-02
5.302557243225863859e-01,-1.432207641635021775e-02,3.399724691180017883e-02
5.290473419965820989e-01,-1.218384440908120564e-02,3.453012609732833416e-02
5.268016475774568441e-01,-1.271494642615384439e-02,3.151706634056929135e-02
5.217425337744848735e-01,-2.063131497561775801e-02,1.838675619119366569e-02
5.202375772644042273e-01,-1.915384065131738034e-02,1.944200406192675076e-02
5.162715512169645526e-01,-2.461048251407464693e-02,1.039290936339626499e-02
5.095104545123633200e-01,-3.748499217323079946e-02,-8.416782959048903917e-03
5.101524112961803858e-01,-3.239344816584719539e-02,-1.922775945673149862e-03
5.047931823884522773e-01,-4.092836198959018401e-02,-1.352649561330569912e-02
5.033200947372004075e-01,-3.953414261218014814e-02,-1.080239068680917749e-02
5.007534180695478732e-01,-4.068743398662256344e-02,-1.167839085993247795e-02
4.991346668584714097e-01,-3.935375125116948036e-02,-9.078677644551991915e-03
4.991753430062412233e-01,-3.334940449317586736e-02,7.781690296130606976e-05
4.978997898717221204e-01,-3.011144999946912745e-02,5.178763461127600803e-03
4.990219842523687110e-01,-1.997328436362863155e-02,2.001459731235254516e-02
4.976092735121175337e-01,-1.831442927318801747e-02,2.106178856280254905e-02
4.949649884538586675e-01,-2.094440875414456393e-02,1.553711505966316395e-02
4.918471385344531654e-01,-2.267460290138636689e-02,1.294244769186877336e-02
4.912415548370442919e-01,-2.035847119093566263e-02,1.470860523944405446e-02
4.855285411015859420e-01,-3.076286929411377324e-02,-8.966652052660017275e-04
4.811689947849847049e-01,-3.533990535815993012e-02,-6.211954974884944039e-03
4.800404155705929043e-01,-3.360931755138863580e-02,-3.709142511577401442e-03
4.783836737149367302e-01,-3.242388150432885113e-02,-1.616017888788176711e-03
4.741831020561885213e-01,-3.827238145704009442e-02,-9.703797226825666006e-03
4.721335044974612205e-01,-3.744878690345800759e-02,-7.466673094082013941e-03
4.686919274584476769e-01,-3.949653256080704750e-02,-8.974088596691786116e-03
4.645797944041619720e-01,-4.512017364050071450e-02,-1.655477710275613662e-02
4.621091970211413380e-01,-4.610301671691190151e-02,-1.704122362946109900e-02
4.591960660090214086e-01,-4.745180191662825425e-02,-1.767256089192771260e-02
4.580087258900097380e-01,-4.699264870232951891e-02,-1.737168679007666111e-02
4.526173894439620149e-01,-5.527767293204272070e-02,-2.801319337792220615e-02
4.505816025900608035e-01,-5.563879376704768814e-02,-2.755864512272191216e-02
4.504130184227644329e-01,-5.108412281996773524e-02,-2.029752678735829985e-02
4.441616349305106959e-01,-6.309203285353076618e-02,-3.702129287341760638e-02
4.364693116220885738e-01,-7.806584497346907847e-02,-5.650697921883744701e-02
4.314070232490935797e-01,-8.725353082496462021e-02,-6.765593824891083519e-02
4.291236135886797309e-01,-8.907665206845563621e-02,-6.797508716496489245e-02
4.305813267799423749e-01,-7.956696252911898970e-02,-5.167734983759779410e-02
4.260696455461386312e-01,-8.494905188200260748e-02,-5.683557488945274738e-02
4.189703839870589364e-01,-9.728535834508340863e-02,-7.173639420123004151e-02
4.148664690343950578e-01,-1.019976639611683000e-01,-7.546883949872254527e-02
4.117503779945706488e-01,-1.040918519128200548e-01,-7.551682989848798599e-02
4.120420466604631238e-01,-9.659589260667306165e-02,-6.197297505216467495e-02
4.116624527605265982e-01,-9.116473103738473305e-02,-5.241464257774260810e-02
4.091911480758270714e-01,-9.075420252997053183e-02,-5.025600210556926267e-02
4.117284974221007143e-01,-7.772488729542235963e-02,-3.096675321304581674e-02
4.109866194826762853e-01,-7.397210697223538522e-02,-2.611808060161384393e-02
4.092741437167696228e-01,-7.267510549716478530e-02,-2.493205722425742912e-02
4.078536919978757447e-01,-6.969376887208478255e-02,-2.080081285971586633e-02
4.056044202792982167e-01,-6.897662427729424339e-02,-2.019177949481008177e-02
4.055898071291547113e-01,-6.305302101498887202e-02,-1.264873844221049010e-02
4.067981259919740133e-01,-5.442183456562561111e-02,-1.971643348594611864e-03
4.075530145412160077e-01,-4.635409971300227805e-02,7.841854619433367979e-03
4.059445287890769971e-01,-4.663106890715998376e-02,4.214167046231907625e-03
4.045247273376731956e-01,-4.543996794985376980e-02,3.704357147239669378e-03
4.024319665054734152e-01,-4.653395051178081665e-02,-1.035036015688689526e-04
4.025373762745032558e-01,-4.247909113826323080e-02,3.239301625252949662e-03
4.011589891917527462e-01,-4.154758538706473242e-02,2.650583877187745376e-03
4.003978006896586894e-01,-4.007453532955847220e-02,2.366674125615913105e-03
3.994722537765199033e-01,-3.891408024244101538e-02,1.943026947055730104e-03
3.978943852002315151e-01,-3.996396187114819448e-02,-1.747663021430798103e-03
3.965334108232438926e-01,-3.941270618569005929e-02,-2.256832194996693120e-03
3.918673497195098165e-01,-4.822106646762398807e-02,-1.616558032543259985e-02
3.882024404666267747e-01,-5.460353488881600215e-02,-2.592164507320125766e-02
3.891466262406123033e-01,-4.889836497574529678e-02,-1.817996607440131029e-02
3.851629522219807145e-01,-5.565362314993296117e-02,-2.801038750750947312e-02
3.867517886773389479e-01,-4.783884624234960997e-02,-1.691910590868745540e-02
3.802193830674601149e-01,-6.167407575695838667e-02,-3.689916504340336190e-02
3.791244621375235990e-01,-6.102737114762619292e-02,-3.544298793240866635e-02
3.772292981728130323e-01,-6.270261512952676752e-02,-3.743936459350732243e-02
3.769015083009917277e-01,-5.975327029856628003e-02,-3.261908561597252898e-02
3.741321034248635269e-01,-6.374894081519968947e-02,-3.810875575694799150e-02
3.699522685003042155e-01,-7.066725008400218111e-02,-4.694635744098666491e-02
3.661408629311008189e-01,-7.713167722086321232e-02,-5.506540728633393944e-02
3.616215245393388233e-01,-8.577601247289050324e-02,-6.603794932137931062e-02
3.587625548494488559e-01,-8.966818385452501872e-02,-6.964207020909188306e-02
3.541212784782728495e-01,-9.827759749295121583e-02,-7.980643917566122847e-02
3.482958460665391831e-01,-1.094845373898884755e-01,-9.290193346051317524e-02
3.476348687831932183e-01,-1.063872774914983305e-01,-8.501277076275902400e-02
3.459432993600436435e-01,-1.056900333436631839e-01,-8.097238100362834368e-02
3.458392181920807995e-01,-1.002226915605151786e-01,-7.033143581231904307e-02
3.485824015036097512e-01,-8.731996404908613785e-02,-5.006071313136629952e-02
3.478053553537201470e-01,-8.384891992429716057e-02,-4.432804272519755284e-02
3.482909434441741614e-01,-7.753050768835387241e-02,-3.527787598709939548e-02
3.482334503639437639e-01,-7.174052314750249681e-02,-2.696479538091083733e-02
3.438256201063011885e-01,-7.784158235495459988e-02,-3.599649047219345699e-02
3.401202615746594660e-01,-8.176509502164222565e-02,-4.126497929362412526e-02
3.357830309252752277e-01,-8.781812145204874465e-02,-4.950303001663367702e-02
3.335504730650857286e-01,-8.872258079543404730e-02,-5.034637033442262988e-02
3.345087568328733996e-01,-8.190471986915583147e-02,-4.074138150299671385e-02
3.301300663998446017e-01,-8.790821980191407259e-02,-4.895882061238933380e-02
3.294409407497625453e-01,-8.422509239509570755e-02,-4.315762333918582438e-02
3.274318380121619687e-01,-8.484912656692014665e-02,-4.420602779096349105e-02
3.270482441765742432e-01,-8.079869577589894603e-02,-3.846130523786332051e-02
3.229701483106809934e-01,-8.649699266155180810e-02,-4.667016581779796780e-02
3.208232138684118939e-01,-8.729601740947781630e-02,-4.762682164093082204e-02
3.245301666236645732e-01,-7.312554312529151446e-02,-2.788833251357322046e-02
3.218389140394370407e-01,-7.593641749300095167e-02,-3.303564308805301275e-02
3.244742156017567103e-01,-6.444926628152840287e-02,-1.763364733372649318e-02
3.224380278796029065e-01,-6.522827298897954096e-02,-2.013477756532155299e-02
3.212568712388951253e-01,-6.366780725107985817e-02,-1.913829541365842657e-02
3.179976971929311946e-01,-6.730834118567513569e-02,-2.517443301945512454e-02
3.164988715222553650e-01,-6.614839821852795676e-02,-2.409874973317576927e-02
3.145308231607922278e-01,-6.703856751198017383e-02,-2.630886063306879172e-02
3.150670400969710627e-01,-6.095396547567784318e-02,-1.835312524701930223e-02
3.126273768413243004e-01,-6.238181951073285686e-02,-2.113762544031334845e-02
3.117254003224263492e-01,-5.934740271549485829e-02,-1.717975826944834195e-02
3.056204510920284001e-01,-7.047681515597743751e-02,-3.362171384010058384e-02
3.075895306844387278e-01,-6.004899654984498236e-02,-1.870522760777263566e-02
3.063998728365441293e-01,-5.884049083990534196e-02,-1.797652996018158159e-02
3.041538495694777189e-01,-6.017957059911873546e-02,-2.073488661068409455e-02
3.019207418909726215e-01,-6.157501709989965377e-02,-2.337744966042359929e-02
3.006853768446502428e-01,-6.047388373697394626e-02,-2.243848314041502548e-02
2.976463908143703319e-01,-6.420117098086686180e-02,-2.833657190079338570e-02
2.995021429250336875e-01,-5.562508897040399636e-02,-1.687745484370275356e-02
2.991104803704086046e-01,-5.220926830317031836e-02,-1.293447953211259924e-02
2.963549936664012230e-01,-5.577730660005163210e-02,-1.927048242246055809e-02
2.950098223607618420e-01,-5.498500000709460184e-02,-1.871013553979218244e-02
2.916219554702028649e-01,-5.927645929727363983e-02,-2.509674136911910908e-02
2.905214452190924002e-01,-5.831543928797836007e-02,-2.415073680515412644e-02
2.890603938060888334e-01,-5.771834933874475659e-02,-2.342893934135077336e-02
2.924605846342581139e-01,-4.471258115664955568e-02,-5.611378733356344600e-03
2.909083644925291035e-01,-4.423421015644455473e-02,-5.947977634241321913e-03
2.958397355965975972e-01,-2.826891958687592979e-02,1.458643994650005507e-02
2.944225896842896373e-01,-2.777041140925326154e-02,1.316148251705412039e-02
2.944479642031654909e-01,-2.446503364182377183e-02,1.541437714826139962e-02
2.943776053677564231e-01,-2.133674061742539194e-02,1.745051868962621197e-02
2.904837609345180538e-01,-2.816295670805991913e-02,5.658538360296524669e-03
2.870910360790178695e-01,-3.311644891373746735e-02,-2.369729611568579739e-03
2.868122499807487791e-01,-3.046180171894829689e-02,3.896884078780507923e-04
2.848337347583702051e-01,-3.255811386275365982e-02,-3.742445495869777591e-03
2.823227335840861607e-01,-3.672814339159049396e-02,-1.087015251806794716e-02
2.804901902247859957e-01,-3.877787471441702938e-02,-1.437033873555113549e-02
2.788600815205003469e-01,-3.918158837852762227e-02,-1.467804529482044998e-02
2.774396451628836635e-01,-3.937532972832879369e-02,-1.486826677771657494e-02
2.752102783872986680e-01,-4.184374014669824116e-02,-1.835932506947265952e-02
2.756893989057153105e-01,-3.708971828556549555e-02,-1.149841737368515610e-02
2.743665500092382081e-01,-3.715542198251105960e-02,-1.179162829316922172e-02
2.736126059865170435e-01,-3.514565877892310980e-02,-8.841105318777622499e-03
2.724654425069134023e-01,-3.357366038452075374e-02,-6.277972484839682878e-03
2.668287363727862016e-01,-4.397105597982436942e-02,-2.075931427047806796e-02
2.654785928208722168e-01,-4.258339334222018685e-02,-1.765017440588527442e-02
2.605822667223249844e-01,-5.067710039581077575e-02,-2.817521616903469889e-02
2.601914458127189134e-01,-4.670213174697887548e-02,-2.117222913263820325e-02
2.561572178226600993e-01,-5.231769785067495737e-02,-2.808854138438984099e-02
2.521184809061152166e-01,-5.646634088094313469e-02,-3.172985494960559733e-02
2.517333807445981675e-01,-5.228067918467894232e-02,-2.443997703430279486e-02
2.507197193505486532e-01,-4.868787193860549950e-02,-1.784241516048343593e-02
2.508933054871390067e-01,-4.229011842196717108e-02,-7.994214793716024683e-03
2.460021138574932931e-01,-4.994800134589906515e-02,-1.883502030840047969e-02
2.475897632237921142e-01,-4.063939679863508292e-02,-5.316238049618579251e-03
2.426722179019665804e-01,-4.829177548160648592e-02,-1.629621195361251329e-02
2.426189379421579695e-01,-4.360543643959863963e-02,-9.589889738741263353e-03
2.430240010676344431e-01,-3.842279068256692492e-02,-2.992135654113756149e-03
2.395113366529603716e-01,-4.321337623043976228e-02,-1.047389053347805993e-02
2.346480880294254945e-01,-5.090405553491134105e-02,-2.118642085153092658e-02
2.315158504726552435e-01,-5.385142658310485692e-02,-2.458149916693815398e-02
2.291273725797536576e-01,-5.599043945746903089e-02,-2.738682178816604501e-02
2.264566236422279333e-01,-5.842595053155378443e-02,-3.019388703903557250e-02
2.207364659732376500e-01,-6.835974319175887326e-02,-4.313919760723296942e-02
2.203136917880148538e-01,-6.397266355532285620e-02,-3.513973364806795979e-02
2.165350902977978831e-01,-6.886551992149114731e-02,-4.094175652611088678e-02
2.141605883126730669e-01,-6.927871173986153985e-02,-3.981063949942629382e-02
2.110767957688194640e-01,-7.179653630070018111e-02,-4.196739782996927043e-02
2.099861370171136055e-01,-6.930286010283452647e-02,-3.716603989777047395e-02
2.122308420857167421e-01,-5.740687876294203740e-02,-1.918581197686002396e-02
2.067089680602651192e-01,-6.522135766262837642e-02,-2.948769023915015497e-02
2.069238663389329491e-01,-5.827703028303204275e-02,-1.875520042006367100e-02
2.074363435719352167e-01,-5.098302918648821291e-02,-8.427006652794395702e-03
2.024666214652079133e-01,-5.816696673691571645e-02,-1.899588827234546459e-02
2.005953571794615031e-01,-5.775738378881132423e-02,-1.864398606938448208e-02
1.994393010202746286e-01,-5.516701816306958384e-02,-1.504226636358171193e-02
1.993935734141639160e-01,-4.846396126629764350e-02,-5.205654549258845534e-03
1.991255658114420846e-01,-4.345256736694458333e-02,1.070447622468433113e-03
1.979611505511832958e-01,-4.088781521993460621e-02,3.599034753054872020e-03
1.975318407172811930e-01,-3.617164226501756730e-02,9.247074843659552901e-03
1.956684208461190455e-01,-3.440950904260232229e-02,1.092772395671175178e-02
1.939883087583272325e-01,-3.402861852363598533e-02,9.656774394791397403e-03
1.930371913146955998e-01,-3.139820712489090060e-02,1.174822410479178444e-02
1.912078042724486004e-01,-3.129550777031429865e-02,1.028609524234774981e-02
1.883177378441810434e-01,-3.384242964193517195e-02,5.396487535867582237e-03
1.848173887502327639e-01,-3.849535242888548620e-02,-2.477587101711804622e-03
1.860563149988236908e-01,-3.104476566890365316e-02,7.042115100525351765e-03
1.828734042800875814e-01,-3.547837230086389737e-02,-8.053323406559467768e-04
1.772629994582970991e-01,-4.545348105239544606e-02,-1.537506133744258492e-02
1.741373298265823932e-01,-4.994543041511560755e-02,-2.204180745024245450e-02
1.746034042156754951e-01,-4.487981567078843520e-02,-1.483930342402298326e-02
1.746151132564975061e-01,-4.028004282645618328e-02,-8.258894618621870007e-03
1.714391247569825583e-01,-4.482478662976709799e-02,-1.532988106434733482e-02
1.719306983942201772e-01,-3.970930543635142751e-02,-8.444555927562723968e-03
1.693757568426847160e-01,-4.224172951947226251e-02,-1.232155195449896948e-02
1.664116069649160257e-01,-4.663940390272895004e-02,-1.909772603132747770e-02
1.621407510850818856e-01,-5.386734239300493277e-02,-2.910887608251283218e-02
1.634850850787961662e-01,-4.648818413613427236e-02,-1.818908542591489083e-02
1.590069991651893722e-01,-5.392738538875634785e-02,-2.835263915071076224e-02
1.545257737674150533e-01,-6.131300869926172709e-02,-3.793636078737327305e-02
1.525455251970949666e-01,-6.315393787484324672e-02,-3.987154842871602767e-02
1.536189472734956762e-01,-5.593908923335368794e-02,-2.845208045612165546e-02
1.561784455331494126e-01,-4.564448773311583635e-02,-1.391238140899670947e-02
1.572287785774849622e-01,-3.838302114919890651e-02,-3.856741831667545931e-03
1.592517359318530723e-01,-3.011783073716493841e-02,6.163257978030233300e-03
1.543981216874234230e-01,-3.937388549025148954e-02,-8.406446981623762887e-03
1.491603586881144472e-01,-4.904986833013481873e-02,-2.241324443140091729e-02
1.504059864788689638e-01,-4.323155275638620315e-02,-1.480173595603716079e-02
1.502113522476689889e-01,-4.040208735058240658e-02,-1.128154506515749445e-02
1.481758758008204779e-01,-4.243844202280584732e-02,-1.475510330794827310e-02
1.490042934775706041e-01,-3.713732449055022478e-02,-7.819353973610398273e-03
1.501173426561527580e-01,-3.157417914642480367e-02,-1.129065879960286338e-03
1.473545687352224298e-01,-3.594402817978596676e-02,-8.498671759926978292e-03
1.455745130941820953e-01,-3.790348552444609137e-02,-1.208100640471981499e-02
1.464127448922943608e-01,-3.271437972693068408e-02,-5.330157242789420810e-03
1.466884221672336008e-01,-2.969482377864778380e-02,-2.232768154511455706e-03
1.427665094348882502e-01,-3.689146947361118811e-02,-1.314327328416691094e-02
1.455777235385667112e-01,-2.687913932661415567e-02,4.316237328629221603e-04
1.429266573132536855e-01,-3.139584449517261039e-02,-7.089853155945950725e-03
1.439567010925887347e-01,-2.621008296045026359e-02,-6.147931337429487705e-04
1.429263671369152555e-01,-2.619969884278781566e-02,-1.456909882617987749e-03
1.436224401844185539e-01,-2.146104401832691494e-02,4.483522616370123545e-03
1.420336968222103979e-01,-2.354225042382315433e-02,1.298182526721335106e-04
1.381909441756085655e-01,-3.098261652143379646e-02,-1.104020789430207664e-02
1.379669897956100344e-01,-2.881031416821963620e-02,-8.051347995751599596e-03
1.330499211511801116e-01,-3.885379159982735309e-02,-2.227375530032177017e-02
1.364899394990773396e-01,-2.702128792089966008e-02,-5.110551314949092483e-03
1.351171250553135361e-01,-2.750751262681213824e-02,-5.960709445836263540e-03
1.338838374074423077e-01,-2.784765199563237273e-02,-6.690585416404187802e-03
1.357327074715813930e-01,-2.059901406256058054e-02,2.968253380663450104e-03
1.373308556292337779e-01,-1.364004177270012816e-02,1.195932706592311295e-02
1.338798145524927874e-01,-1.929809643734099744e-02,3.228004924814878787e-03
1.337942259469139805e-01,-1.711060237951644858e-02,5.450491877856141094e-03
1.318304216125675277e-01,-1.984487873177473091e-02,7.292061434157016617e-04
1.310205285493839522e-01,-1.992125800673193864e-02,-2.300476492832048258e-04
1.302285384386737688e-01,-2.006089625356733894e-02,-1.167019691841125230e-03
1.292563961680645857e-01,-2.039203280979283092e-02,-2.150311881557001245e-03
1.270982775728153047e-01,-2.346051417650468762e-02,-6.630991951778791339e-03
1.249050511319569207e-01,-2.654675433506082163e-02,-1.088053745744515383e-02
1.267352540198790900e-01,-1.959553076744230404e-02,-1.144060210572905162e-03
1.276175145327705096e-01,-1.511160053050271748e-02,4.644578085738197692e-03
1.274153673531909503e-01,-1.323816456263827990e-02,6.631701016512716804e-03
1.243968158022728532e-01,-1.872323752249824974e-02,-1.718861636730761346e-03
1.204232994118573791e-01,-2.668768349787386737e-02,-1.304566831067346597e-02
1.184907885340915207e-01,-2.962873394049990450e-02,-1.688137957846909745e-02
1.198555614532594848e-01,-2.324546559806884433e-02,-7.128349816451282420e-03
1.177070212534233329e-01,-2.631933022431463126e-02,-1.134135089524491470e-02
1.194567014721891751e-01,-1.949661410164151357e-02,-1.654826383924569086e-03
1.208137875347982115e-01,-1.307883102689303030e-02,7.306672778997162082e-03
1.198829040174078653e-01,-1.345244113652327433e-02,5.847555117174770695e-03
1.193567087533510956e-01,-1.196085155248620760e-02,7.575550586776562574e-03
1.161647128768401038e-01,-1.766380034762207729e-02,-9.334986294269398757e-04
1.180944350623500394e-01,-9.258229946920831441e-03,1.117751988903536477e-02
1.195125980983745978e-01,-2.870276984194887644e-03,1.943722457322964725e-02
1.228134481161565067e-01,8.376326610037825721e-03,3.404123057277681774e-02
1.196964722428845301e-01,2.630942821047196206e-03,2.409190236812536190e-02
1.300949063034085584e-01,3.138875410539641864e-02,6.249536510056857147e-02
1.313307364805636479e-01,3.582897467017154974e-02,6.483516974571225389e-02
1.367986157053334983e-01,5.035586987235868978e-02,8.081663926531140740e-02
1.395093202404208699e-01,5.740478076385374662e-02,8.564409536434400283e-02
1.424830128914260918e-01,6.447557290396628560e-02,9.024027553410327029e-02
1.449476471399948063e-01,6.931315674710657182e-02,9.126188790206921087e-02
1.504302492683847192e-01,8.140849226219042112e-02,1.024184130340705934e-01
1.523581153516453401e-01,8.366830070730089941e-02,9.932129000079718828e-02
1.552764594856383129e-01,8.813231758880354927e-02,9.966971643429013705e-02
1.587529148060608519e-01,9.289971252633780208e-02,1.001321131762007155e-01
1.526657935765909635e-01,7.278849284976454670e-02,6.642393752869416024e-02
1.529577229835028251e-01,6.784137400709659704e-02,5.508223022855003592e-02
1.595015492974313775e-01,7.946496388124571486e-02,6.795733483635955918e-02
1.665649211202231972e-01,9.146035212773082068e-02,8.032450206729727094e-02
1.652061768190848379e-01,8.128511931673271240e-02,6.125959431559779844e-02
1.696572930241578847e-01,8.573825742709723086e-02,6.366420059776345397e-02
1.671905937182770474e-01,7.107900938375615041e-02,3.888283147220551739e-02
1.707988231475105478e-01,7.287895227048062086e-02,3.901075385494477687e-02
1.714596371074616488e-01,6.555828919549111511e-02,2.579648441834723332e-02
1.753049712661835791e-01,6.729123819313660715e-02,2.656574806611322614e-02
1.785008164845324763e-01,6.685965005397159766e-02,2.404480343888109120e-02
1.828225523474776848e-01,6.890834115295890738e-02,2.506486676235757799e-02
1.860861925640094616e-01,6.835422941472185654e-02,2.255684076691107792e-02
1.890803269418495081e-01,6.742095321148097731e-02,1.998837218249379516e-02
1.877450781048289608e-01,5.457965085105528219e-02,6.747740121966980253e-04
1.916416400058831015e-01,5.599907047979033742e-02,2.647005214611398115e-03
1.940368444454443619e-01,5.427924055806564868e-02,7.562276798943555998e-04
1.948415713784119319e-01,4.808424458777393190e-02,-7.633332924800406878e-03
1.947046061916309079e-01,3.943598111868714534e-02,-1.898028182286226953e-02
1.919053086281600207e-01,2.513955681907515186e-02,-3.690713014241051027e-02
1.959153721217735955e-01,2.832823093010916615e-02,-2.985715141955241556e-02
1.998516856888860604e-01,3.146487721182756464e-02,-2.318052664634862731e-02
2.001486354013898572e-01,2.512704065673549564e-02,-3.035198846638340053e-02
2.069628258099257545e-01,3.736870628151291174e-02,-1.039310796171053625e-02
2.139821578943796598e-01,4.842211622055953707e-02,5.741905020424736827e-03
2.194230194777843646e-01,5.644153622502603995e-02,1.729251443251419995e-02
2.215657572153547084e-01,5.517758735168789425e-02,1.484535250163593161e-02
2.251979120138412338e-01,5.831351521747649147e-02,1.909046489408423170e-02
2.299210068765139281e-01,6.407773426792064131e-02,2.661270998390053572e-02
2.325812692805612758e-01,6.473712453006061351e-02,2.680445748352489402e-02
2.367635418795429880e-01,6.840767681646651999e-02,3.067735469099790169e-02
2.366997256256360704e-01,6.176491474668389242e-02,2.045918079099851364e-02
2.408310364731164055e-01,6.530764127769946026e-02,2.460951065846756630e-02
2.414297572952197879e-01,5.923889872696316145e-02,1.499671108087538562e-02
2.414314977518763339e-01,5.248413119053744330e-02,5.549039320092132022e-03
2.453323010528175308e-01,5.567184023699602025e-02,1.032651854856087188e-02
2.488893209921788363e-01,5.852253458736242364e-02,1.467668581812426806e-02
2.492660220349993128e-01,5.220903526726924926e-02,5.467647000866156931e-03
2.539289658652281179e-01,5.772061536254152053e-02,1.359203908205040834e-02
2.572633945743332262e-01,6.035162286625679606e-02,1.765162277848790831e-02
2.605298073564730199e-01,6.294764613981529422e-02,2.147637534872953030e-02
2.641992971500222720e-01,6.450203384494856973e-02,2.239634345365883877e-02
2.674335081949192339e-01,6.549815537357894790e-02,2.297568286831544460e-02
2.690072390101156952e-01,6.184306207469841138e-02,1.684322489613715793e-02
2.724818909206385698e-01,6.303833120644050658e-02,1.783003014428779717e-02
2.752488185133721843e-01,6.201963869189361378e-02,1.547855253812629311e-02
2.776923412582008588e-01,6.056761047779261886e-02,1.302521567104663290e-02
2.796953479716879354e-01,5.869882827024246186e-02,1.050414134911055973e-02
2.847155680810044553e-01,6.432916150027488678e-02,1.841745180979903473e-02
2.863032563050203483e-01,6.200335215600439459e-02,1.537043593827975771e-02
2.880341344635785061e-01,5.835265534914775565e-02,9.638773345880272125e-03
2.956082639985233573e-01,7.108335918969362066e-02,2.769738607915536027e-02
3.030405792464913595e-01,8.210929000195607563e-02,4.174741794652059301e-02
3.058244288868066096e-01,8.094544122311013445e-02,3.802687453412272045e-02
3.104496129378288005e-01,8.454613494490104131e-02,4.126390918881693570e-02
3.173093816503373965e-01,9.474652895446107614e-02,5.416696765727112284e-02
3.232184370498545345e-01,1.009416236122495092e-01,5.999767892886615633e-02
3.231194585613225700e-01,9.199772185757573717e-02,4.484878979844019592e-02
3.282381000533601267e-01,9.566950307143584631e-02,4.774335385158468698e-02
3.378595473211572497e-01,1.113084198568462940e-01,6.740121255796664712e-02
3.424348795586069083e-01,1.127191887831333200e-01,6.575610916131224837e-02
3.467430236852822589e-01,1.137035793455797167e-01,6.399805117892286288e-02
3.538585295707925016e-01,1.218770021943504506e-01,7.248582933477845658e-02
3.595122097461761479e-01,1.253889724569543507e-01,7.378453858893420370e-02
3.645781175114432004e-01,1.267225312251255287e-01,7.178283403767680981e-02
3.674591097121890915e-01,1.226903537587572257e-01,6.285213734112030104e-02
3.700158834470011482e-01,1.180518725324964241e-01,5.402925447386609098e-02
3.744400132487466504e-01,1.182417850922146130e-01,5.249540639279862142e-02
3.812599212190524445e-01,1.238193312186442463e-01,5.812570333312518100e-02
3.832226863191716126e-01,1.168999099300507688e-01,4.628168225741899344e-02
3.885510913275158074e-01,1.192128969723283693e-01,4.841231540314464704e-02
3.916610531724160071e-01,1.147545406255024436e-01,4.048467709756352340e-02
3.949541911507535863e-01,1.119045300404613308e-01,3.598037390543434855e-02
3.958162848465697214e-01,1.021683471495013901e-01,2.174414036904464415e-02
4.001321647693572015e-01,1.017361310668936369e-01,2.163909406595033655e-02
3.995710156432841775e-01,8.749619116934775898e-02,1.514909984222240213e-03
4.007376211618468576e-01,7.801782675527867139e-02,-1.076009114795690655e-02
4.018498710913790961e-01,7.001046245141967495e-02,-1.944991101668696806e-02
4.061018561891188705e-01,6.980274312878734233e-02,-1.720539652768298539e-02
4.072356018688629842e-01,6.361864587847941566e-02,-2.245200324739328110e-02
4.080654347887520683e-01,5.566187650427708439e-02,-3.047255047211329740e-02
4.092350258213785508e-01,4.981860713121222251e-02,-3.483517762473000573e-02
4.125504687616267097e-01,4.777648160982716358e-02,-3.485984458259020619e-02
4.128453668087881945e-01,3.976301949073824532e-02,-4.223693899347742697e-02
4.164212299955872276e-01,4.124552505207008946e-02,-3.573175567212129311e-02
4.204520024722082083e-01,4.342601917628562125e-02,-2.923432155406450322e-02
4.251658504371519376e-01,4.786748564993339311e-02,-1.974825634015336603e-02
4.290136906440056297e-01,5.014005271403853409e-02,-1.405778004650253682e-02
4.347339524858093718e-01,5.739913748574367730e-02,-1.802600709733157350e-03
4.392008304772921368e-01,6.204200001729321540e-02,6.280448477313909858e-03
4.422575481022852917e-01,6.228812399187994009e-02,7.361023745049590124e-03
4.391477277430673176e-01,4.739920499966140260e-02,-1.228724889562120455e-02
4.450285034379041771e-01,5.510282554058097693e-02,7.559476507111410892e-05
4.481235437050418158e-01,5.554975120065890060e-02,1.592953777357113392e-03
4.471694659512835401e-01,4.602159648115893009e-02,-1.069166410100447218e-02
4.522894827790927552e-01,5.160297356164000177e-02,-1.653380396334275595e-03
4.578319194262388536e-01,5.916158217424026533e-02,1.006713897726583054e-02
4.600180881010076384e-01,5.883701025910112459e-02,1.065346344080234445e-02
4.578595419969204716e-01,4.526518289390270983e-02,-8.543830115520045440e-03
4.588939193952350504e-01,4.096130343078223379e-02,-1.331009906116204650e-02
4.587806321270305743e-01,3.405566953309331624e-02,-2.129887984628619710e-02
4.585156970203404514e-01,2.696965076572215708e-02,-2.893971461595991335e-02
4.566283612443073903e-01,1.546753211987434741e-02,-4.275594517163871372e-02
4.616843431535371245e-01,2.295022537801225115e-02,-2.882217035457635551e-02
4.601033180338903739e-01,1.348383538411149565e-02,-3.944782241322863925e-02
4.569925471248770243e-01,-3.879558839413252413e-04,-5.606756565417759380e-02
4.556997871995840943e-01,-9.310297539823427643e-03,-6.493662988545410852e-02
4.503586720432669055e-01,-2.810210423299324897e-02,-8.701690952185940631e-02
4.522452302973994365e-01,-2.744013403928865016e-02,-8.068864863305871826e-02
4.487580175152021678e-01,-4.091464648999811743e-02,-9.487837900644396916e-02
4.506086503624047723e-01,-3.985533628349074986e-02,-8.787556769185470018e-02
4.543570820033341340e-01,-3.210995678324337493e-02,-7.141481695096524307e-02
4.498369477086350821e-01,-4.737555218781602795e-02,-8.919386960847386359e-02
4.497038987563081736e-01,-4.912843226783458056e-02,-8.612207824898848729e-02
4.491550849050919836e-01,-5.108965868087787798e-02,-8.326676977843297522e-02
4.503653180059392080e-01,-4.941711931690917492e-02,-7.667952997112317814e-02
4.533228057485125251e-01,-4.137445641826766746e-02,-6.062525720888828351e-02
4.465693635524251026e-01,-5.786019853891427589e-02,-7.961066068412633867e-02
4.419453608292922553e-01,-6.899557454040723681e-02,-9.051255766683138915e-02
4.396994793632107434e-01,-7.304425299572649133e-02,-9.069858694088872575e-02
4.306082751756102334e-01,-9.423043526047475416e-02,-1.147335097205545162e-01
4.183762914849855630e-01,-1.213095444182390042e-01,-1.448609715702356970e-01
4.180751400385682159e-01,-1.165337088207397398e-01,-1.290020866048194881e-01
4.130204743679835588e-01,-1.236174008933790675e-01,-1.307745525334906844e-01
4.082626850149640996e-01,-1.285414713507100903e-01,-1.292560037580521293e-01
4.128537962207520229e-01,-1.072125497319423582e-01,-9.063340198001305914e-02
4.205718609351106752e-01,-7.787055635292360056e-02,-4.358998331036723767e-02
4.292534394676524312e-01,-4.724596870776169577e-02,1.614115728194448485e-03
4.298912455409606981e-01,-3.810448154237594531e-02,1.396157036244757496e-02
4.289644444250920730e-01,-3.208849539202376228e-02,2.189016361498205207e-02
4.254536459563454942e-01,-3.467697946547996374e-02,1.634263958805424327e-02
4.169195643982196442e-01,-5.141100952666284585e-02,-9.071304467126194149e-03
